1308,939326,search_range,20,52,20145164,20191322,388520508,745532148,395248153,415944587,
1006,417393,search_range,15,63,20149332,20174040,736190880,755909716,385609804,453482116,
1880,2981737,search_range,20,116,20188740,20206636,602691503,765156988,395347220,457377086,
1507,3897265,search_range,40,54,20086834,20161396,628794131,752388689,404613715,479907003,
1852,428303,search_range,7,160,20158184,20200520,761065323,783181242,404341095,460974633,
1178,3874198,search_range,57,87,20076674,20150605,110271429,798559368,404026411,446643175,
1154,1674045,search_range,44,149,20114694,20143614,484490921,747211526,408547697,444620745,
1265,3043486,search_range,45,93,20114237,20152981,688561305,820162671,394793852,441565259,
1372,945279,search_range,12,132,20143622,20153744,569228019,794951503,389249354,493256266,
1916,765284,search_range,15,71,20135911,20147188,615006348,801818243,407342595,434758911,
1024,2264349,search_range,28,154,20150582,20183868,228199806,804455784,390671328,455506728,
1600,1202310,search_range,14,142,20157543,20184323,726441489,813116337,401241976,449986146,
1973,4408407,search_range,23,95,20174282,20203738,629708339,793769715,400652968,493826460,
1949,1890847,search_range,7,71,20209435,20210431,715291593,739190285,404871277,428336037,
1123,2485620,search_range,23,135,20063904,20174304,255569061,718941861,395368860,483226101,
1787,392694,search_range,12,76,20081143,20133127,587037758,748073503,434116826,492268976,
1353,18894,search_range,2,38,20184142,20198970,727814829,759905895,440686048,443588262,
1583,125894,search_range,5,133,20192204,20209214,118694401,763175995,445857606,464363058,
1569,638748,search_range,19,91,20089511,20156380,675610759,779074054,423835142,427579901,
1442,751818,search_range,12,76,20191373,20206163,363060262,764026342,395684355,411141249,
1340,1201486,search_range,11,51,20108739,20190627,617203111,715114984,421100193,479322783,
1762,7418,search_range,2,2,20111427,20126379,795781823,817233594,413692057,443455448,
1463,424723,search_range,9,137,20113084,20186599,743251125,825631653,415970052,490454286,
1100,1257062,search_range,13,133,20120809,20152414,695745549,765265299,417643550,437915245,
1386,1943928,search_range,34,55,20102876,20156986,602038334,799873046,386239910,419987036,
1094,2932276,search_range,49,151,20119033,20160460,178582543,769164793,399987297,424673052,
1182,220182,search_range,24,176,20073655,20108015,346906004,737209236,423582752,427340130,
1864,273310,search_range,4,13,20065930,20080448,552383987,778304835,386184238,493103014,
1167,39363,search_range,4,58,20131430,20203142,220340724,804062828,463641356,496975868,
1206,1178177,search_range,17,169,20142772,20163268,562383027,821164946,385349930,464716210,
1849,296741,search_range,9,161,20084178,20090524,545090305,776846097,428711953,488227559,
1149,668561,search_range,36,169,20085702,20186022,727851415,749238143,412048121,485727991,
1160,214935,search_range,6,22,20103712,20168140,203138642,740038099,444351233,476978681,
1963,684510,search_range,8,72,20143977,20164113,555978694,806904418,412137746,494400697,
1378,74565,search_range,5,109,20191434,20210111,130545165,693937069,434967463,460472607,
1455,1917951,search_range,34,48,20080516,20106632,409980786,792304620,397808873,448269593,
1158,839553,search_range,12,148,20179159,20193532,694332431,764558741,408864527,426837687,
1837,391430,search_range,6,22,20151467,20166377,693098450,742688760,412143494,459766245,
1244,4197248,search_range,50,62,20066307,20145947,625876578,772112514,389638712,455093672,
1492,1861259,search_range,18,138,20198202,20206587,728074417,797436333,403823544,456022273,
1354,1562972,search_range,18,34,20121161,20139149,238115374,804951570,408163485,453446905,
1076,2243794,search_range,13,29,20091015,20193083,272561204,722340276,417427342,482469726,
1082,473334,search_range,10,50,20102453,20173069,495205275,766869099,435856755,473580891,
1596,16881,search_range,3,48,20183707,20196037,734511071,814730255,446028336,456568732,
1114,523753,search_range,14,142,20103738,20125210,710116101,784917477,415682794,494577938,
1865,208352,search_range,10,98,20079447,20197941,779705430,809999221,419900279,486905813,
1353,1085976,search_range,13,133,20154925,20197060,419390680,772475903,410938924,428497204,
1928,311874,search_range,5,85,20094216,20123436,286121594,752485535,437371252,461914876,
1654,13294,search_range,6,62,20096873,20205382,511245263,673015153,395762783,467840061,
1993,1893958,search_range,37,170,20118846,20155750,365957211,787902267,399498640,424306560,
1329,1558735,search_range,15,103,20169559,20186175,469923615,816541983,406550407,443422375,
1662,3798292,search_range,44,114,20070362,20140732,517790214,755536344,388044890,465524698,
1837,1105709,search_range,12,44,20172591,20195691,586701036,747955649,393609071,425145449,
1722,2539131,search_range,26,47,20126588,20173074,438001922,795106748,407273785,448429228,
1941,6959081,search_range,20,156,20183080,20209699,550458301,792136047,391569121,466581961,
1775,2503528,search_range,19,67,20187273,20201565,562185513,753005191,403232479,470080967,
1036,610201,search_range,17,81,20085094,20192194,438278555,735658430,436421801,480037765,
1439,163291,search_range,6,6,20183810,20209745,155367572,698901556,406780530,484937860,
1931,1346111,search_range,38,171,20116240,20163670,715726209,745490919,397655664,468407926,
1186,6090364,search_range,58,142,20102858,20194862,335819407,809836765,398932057,438851361,
1318,812045,search_range,18,58,20075052,20197488,774479278,828754480,388996617,427403412,
1139,1226357,search_range,12,76,20110916,20140970,372689484,788575488,419218761,435121073,
1543,510185,search_range,44,156,20065598,20174723,250684200,776374974,408384141,412901450,
1236,1053042,search_range,8,144,20131730,20159513,688941419,805616331,418045069,442250647,
1243,246062,search_range,13,109,20079358,20125467,708190085,784147061,432797436,488840384,
1051,1004336,search_range,41,90,20060805,20113410,277010214,779007570,391438577,418261512,
1273,2451122,search_range,57,123,20076596,20170746,368503372,741528716,405032164,423771796,
1691,156782,search_range,5,101,20150705,20186945,566839383,700812213,434315826,489068151,
1838,4464760,search_range,51,165,20066032,20145815,558905251,793403081,391969134,456025842,
1228,2545194,search_range,50,68,20110216,20185876,714884755,750854845,393717258,482978359,
1609,3314116,search_range,43,92,20078608,20138233,539692173,790521121,397932367,428171755,
1742,5676480,search_range,56,170,20066308,20174908,582455187,784319075,392840519,493435829,
1820,1388136,search_range,32,130,20077326,20097393,229737552,774280302,390749388,455537952,
1318,2764122,search_range,39,74,20068944,20203996,718042456,823110796,413998779,469074280,
1685,3939109,search_range,48,96,20086504,20179954,637980763,805264401,409679272,476467552,
1391,1042025,search_range,27,146,20082534,20101818,293653001,780671855,417534029,454072364,
1007,2005945,search_range,45,147,20124735,20150643,646289662,749962132,391653927,471961227,
1006,4414820,search_range,59,137,20074280,20156372,144078651,765714411,393511542,472425627,
1373,2108457,search_range,22,134,20150158,20180628,623598938,824225752,397025632,473304142,
1048,189312,search_range,10,130,20068319,20189682,663775970,740730056,433384595,439919167,
1837,5308932,search_range,47,95,20087915,20204936,493100432,749363897,410693947,463515775,
1950,1442959,search_range,18,82,20111278,20131242,280037894,807047696,414146388,431063176,
1160,59933,search_range,8,56,20082760,20191849,799588706,820706510,407051353,457474781,
1299,1217985,search_range,10,82,20131723,20179351,153756118,766682164,421269463,475492065,
1638,1714600,search_range,17,129,20198685,20203032,689924204,791326792,406850727,425226647,
1458,331429,search_range,11,59,20065123,20130814,454960277,815793818,440897043,490055331,
1978,1504806,search_range,18,122,20131036,20167063,665395722,792437727,412186775,455458545,
1926,2728334,search_range,41,90,20099233,20143977,410972296,813594418,409543273,467514849,
1061,3677230,search_range,58,100,20100759,20194548,205701656,740422546,387221231,431824871,
1425,892023,search_range,40,117,20105892,20142712,248925226,776199064,385747984,413993569,
1137,233,search_range,1,37,20196375,20207415,242484202,745939933,473722893,497479942,
1023,1354363,search_range,27,146,20085638,20148368,326513146,733130666,418034009,426103641,
1705,25571,search_range,2,2,20127027,20131231,652955363,689321299,403605014,470192724,
1589,6173507,search_range,49,133,20101456,20189168,678038763,826947729,396307921,462882481,
1790,2976072,search_range,28,84,20116070,20192102,677800759,756292909,411623739,463887687,
1413,4626033,search_range,38,108,20140342,20207564,443586268,776105231,403567227,451148777,
1675,2550690,search_range,16,160,20193495,20205815,222040479,804147830,408898800,480764016,
1883,461129,search_range,11,131,20068397,20161152,280885747,807090082,439249272,492782208,
1311,16397,search_range,9,57,20062853,20151797,802442836,813762613,405881596,461590828,
1377,1379736,search_range,22,54,20131344,20167236,530855809,773999201,397146642,422542562,
1168,1816,search_range,3,57,20094406,20117746,572042168,690276464,390083593,444406953,
1561,217956,search_range,12,84,20061855,20196171,768274273,801529663,423486517,446059657,
1292,2775463,search_range,22,126,20100772,20200060,154841637,800787886,423040131,483592291,
1262,2109789,search_range,21,101,20192178,20205422,467953381,743077141,398121307,473578072,
1768,102685,search_range,6,126,20158716,20200620,305815506,702542661,445260911,458628266,
1767,652681,search_range,37,114,20067315,20160772,738998502,810838422,410782555,476743375,
1346,2241371,search_range,14,118,20198825,20204965,404259266,813258757,411918534,481367958,
1562,2059873,search_range,52,118,20089051,20168377,551921652,764069202,384499551,418768785,
1352,2211953,search_range,30,163,20135203,20176948,521617493,772151541,397826475,493685123,
1035,4097207,search_range,31,122,20092705,20199265,528958827,819493736,414772452,439959810,
1220,903302,search_range,47,65,20104577,20163163,718244603,753206735,408012700,462443272,
1814,1819051,search_range,18,90,20125420,20168260,558776807,793383811,414039983,486026772,
1178,454536,search_range,10,26,20117307,20150137,218616631,803976630,428813024,488242729,
1225,2098353,search_range,32,81,20098126,20132020,560637502,738833416,400198391,449464361,
1291,4609283,search_range,51,69,20091592,20163292,683869068,789510254,397015810,437701618,
1551,3013545,search_range,15,39,20179825,20201721,696357127,793256671,411273412,446256172,
1455,1665864,search_range,52,112,20082923,20147013,719985334,811825110,407147111,480413687,
1358,2139712,search_range,15,63,20159910,20205990,574696906,730749790,406755104,452742714,
1057,447648,search_range,21,69,20063087,20166701,738909534,815609950,416099275,494598763,
1287,780648,search_range,32,67,20108578,20123956,493853983,800691937,411635911,459537842,
1054,392531,search_range,17,81,20080028,20106244,740407283,782877275,407512062,475925757,
1123,1719340,search_range,37,58,20085009,20110229,530345134,789119066,393421635,430279673,
1053,75871,search_range,8,16,20085240,20116705,781183558,799944083,410020391,454375361,
1158,1546732,search_range,58,124,20087128,20155317,720824304,749314489,396788586,457953630,
1535,467,search_range,5,53,20190135,20197471,260828530,662598094,438413477,474603581,
1795,373951,search_range,7,71,20089952,20120237,638512362,726835077,426290989,455266725,
1234,2740716,search_range,38,164,20123576,20162960,621606517,792149349,397115038,493649554,
1343,397932,search_range,9,49,20098176,20143344,518259133,771479869,433266872,488910796,
1191,3782957,search_range,52,70,20095476,20159067,436743525,775078817,387057490,476395762,
1620,2438559,search_range,44,65,20086244,20179889,739012003,829996391,386243966,464984418,
1989,5069322,search_range,48,138,20086457,20192401,599129792,752305711,387102339,437334930,
1736,815976,search_range,23,143,20091748,20121588,653567597,798541565,399143822,414081797,
1758,1378240,search_range,12,28,20100289,20177863,486036857,799910237,424217195,457748099,
1141,4817858,search_range,48,72,20110334,20185904,576956455,809002195,400392147,439727419,
1392,2908210,search_range,43,92,20116691,20168611,684467317,767142074,393026028,482874683,
1624,3989310,search_range,51,123,20075588,20156900,616169619,791061971,401789061,440565565,
1730,1642878,search_range,15,167,20125592,20176892,166457587,801368674,417436031,454018466,
1275,2066747,search_range,16,80,20100561,20161358,482333912,764294824,419795156,478996526,
1553,395049,search_range,11,43,20138446,20142079,263756549,777682199,411709775,468273126,
1329,1461437,search_range,16,32,20119108,20146708,701265796,794729278,417865027,486600532,
1219,295081,search_range,11,91,20140371,20158051,514250302,818758324,413143256,425981315,
1357,238611,search_range,21,29,20088551,20094678,738732207,791561269,411977972,438003674,
1586,2267133,search_range,11,35,20105476,20200534,576933297,718751765,398120427,448425377,
1603,2120461,search_range,40,103,20115815,20168219,692006473,784812550,400292693,424902098,
1741,181561,search_range,12,76,20083386,20166404,719755184,754264142,433585733,453129107,
1428,1785609,search_range,12,164,20145810,20207845,700546844,828073134,418431967,434491639,
1178,1513045,search_range,20,68,20146896,20172576,450246808,796331224,405917489,470886477,
1575,3291830,search_range,24,56,20168043,20202491,528306279,773489303,407021756,439119752,
1157,181225,search_range,6,142,20125200,20146675,646840509,825387822,437062292,492563510,
1734,2454523,search_range,24,80,20128429,20206975,97671983,761073737,412795697,425685890,
1794,675773,search_range,23,175,20080756,20113341,698362888,807500616,423966067,491253901,
1550,421093,search_range,9,121,20107865,20169809,760456890,790188154,395304765,467702657,
1655,363363,search_range,31,66,20069913,20168739,275965339,778903087,411711289,416062241,
1304,282829,search_range,6,134,20193065,20202987,679990307,757387677,437164127,477182157,
1819,3711615,search_range,46,76,20073217,20162839,652133811,743459431,400207237,479025701,
1544,5182331,search_range,55,127,20066216,20196608,699397885,746783391,397059747,442811508,
1094,1418546,search_range,42,98,20110066,20175742,372891414,788595690,411344554,424452418,
1739,2459848,search_range,30,86,20127272,20173373,488319930,748168770,407037940,471222606,
1093,4132810,search_range,58,112,20098163,20177221,468914422,798197998,406645101,484917538,
1414,294174,search_range,11,115,20127280,20139853,246967944,805394189,406317186,415558500,
1674,2530982,search_range,14,38,20162900,20189410,148775942,800484606,396600536,452771915,
1232,34430,search_range,3,30,20199505,20204145,727504671,781144861,446770733,454564670,
1037,1271990,search_range,29,64,20131952,20163608,425023548,752832748,396383111,473143526,
1294,71927,search_range,5,5,20108352,20139174,716588507,740227815,428232399,445856879,
1452,1934752,search_range,26,40,20088508,20131418,622119572,739085586,417235488,449833424,
1734,220102,search_range,6,14,20156550,20167462,619332069,824012400,417885041,450223153,
1148,4534940,search_range,31,115,20172303,20207223,143470074,800219305,397712745,468425051,
1894,671843,search_range,8,120,20133545,20164569,631042094,773662166,418107040,454387516,
1221,2951431,search_range,50,62,20079841,20165160,684885193,744845137,390085175,428110974,
1663,2156438,search_range,36,99,20119880,20147246,514060715,770640187,398374489,468623577,
1919,3431051,search_range,38,129,20111497,20181217,514419551,754693676,395104144,457279852,
1852,259134,search_range,21,117,20119767,20147169,731845051,783315051,411618679,450818917,
1561,935295,search_range,14,70,20145776,20165372,663375804,791932734,387694060,487626694,
1249,8665,search_range,4,58,20189423,20205683,801898021,808475429,412538059,468563028,
1484,1015957,search_range,12,36,20150245,20174589,629796342,804036754,408888045,489746097,
1071,4934678,search_range,47,65,20108759,20200865,237237398,804907675,411038344,454884334,
1396,1923278,search_range,12,20,20067560,20182392,160379031,733624148,424908587,476583805,
1163,5227898,search_range,28,35,20127344,20194352,613887969,790605633,397315756,478447404,
1880,1885563,search_range,26,138,20067207,20139157,422820221,814186819,421699520,456363380,
1130,2938833,search_range,41,139,20060682,20143413,674672118,762734235,412208008,459795284,
1612,4894161,search_range,55,169,20097547,20171361,567319678,794665251,397549261,483553162,
1513,186325,search_range,14,142,20065722,20182026,726923626,807819691,432880693,488852870,
1155,2469935,search_range,40,124,20130385,20162673,655172816,780901384,401381481,445188459,
1002,547224,search_range,9,17,20103393,20205708,304440899,755233435,440659890,481309198,
1392,779414,search_range,38,143,20097614,20137332,716488807,740148055,403517810,432081566,
1214,2521152,search_range,30,135,20075888,20163781,361769702,811134294,416786633,437272553,
1809,313969,search_range,7,55,20137975,20192815,526059903,803912529,439600022,466208657,
1453,555414,search_range,8,8,20065394,20145529,623196020,760728896,396147217,406405527,
1412,1783463,search_range,42,126,20115443,20153707,702586431,762075810,400475902,425039507,
1418,6205788,search_range,28,35,20123805,20206740,620826610,759899596,391543887,477293039,
1226,1309345,search_range,10,98,20181118,20202104,593093781,726023985,403458340,493966721,
1425,63225,search_range,5,117,20067882,20153814,491225710,697361314,430572537,454427760,
1931,4839979,search_range,48,108,20090071,20162683,291879576,807639782,398341405,448535865,
1661,5500059,search_range,50,74,20082328,20198230,695631255,779123535,408041873,494195891,
1099,2290353,search_range,28,119,20086384,20167452,645889911,730892724,402686809,436302041,
1340,6696,search_range,2,128,20187595,20192295,685146642,774929694,458322765,472465411,
1654,573950,search_range,37,156,20094348,20181918,352371699,762423055,410413656,414829489,
1397,624748,search_range,12,164,20092478,20193305,730445202,829568069,427533413,452452328,
1123,908571,search_range,20,76,20081422,20165714,133091850,729531070,425045833,465572297,
1810,5696318,search_range,51,147,20078416,20184560,431227676,774251449,391767695,482685922,
1706,1195642,search_range,9,105,20099626,20183236,671138020,720232132,392823044,424595228,
1669,804249,search_range,40,117,20110705,20201065,620249897,759697751,409926138,414366347,
1214,1308277,search_range,14,134,20125757,20176961,638503643,785714693,421663292,494876961,
1669,1251814,search_range,27,76,20130793,20146853,438785323,795185071,407517656,425760188,
1116,326350,search_range,6,110,20192735,20200997,549965159,792062074,436583945,467657135,
1340,1028224,search_range,36,127,20117317,20173585,736712149,756326729,389427846,471404706,
1627,1014624,search_range,44,163,20108493,20154663,97392017,797915405,401094526,415739896,
1508,240401,search_range,11,155,20085082,20173296,690269402,748075666,441765825,458855175,
1396,2485831,search_range,35,161,20128121,20161313,265515571,777858103,388901157,449307195,
1315,1203590,search_range,18,154,20068374,20196822,614809578,779791188,424313585,431755259,
1912,2455677,search_range,34,139,20120877,20165987,651811766,789041726,405623914,419589874,
1415,5579614,search_range,38,45,20068556,20203969,658706974,817177246,410635465,432659180,
1161,8371,search_range,3,102,20131245,20159196,509597571,802266303,470520596,497319830,
1934,1642854,search_range,33,96,20071583,20162271,171274519,801609532,395391053,410891942,
1936,1562767,search_range,17,33,20135548,20165772,497592956,801065846,402844342,484347425,
1887,3787241,search_range,33,68,20127028,20194292,702075556,814878631,408503181,462639465,
1253,6759767,search_range,54,138,20109383,20155157,649458060,788453310,399449055,454053748,
1135,186974,search_range,22,150,20067784,20110780,726089070,736958668,403549534,446380885,
1618,1748715,search_range,18,74,20195360,20207952,716628310,763891006,384667135,435995566,
1993,3249914,search_range,17,89,20168418,20194026,533561320,819723873,384543388,475892940,
1425,4974506,search_range,50,74,20099611,20183221,660826729,782597553,389576152,471441772,
1886,15753,search_range,4,49,20149228,20186356,443665202,697893111,443786141,446533350,
1221,3674634,search_range,56,104,20098822,20154962,394503874,790756936,394062001,441162745,
1230,322285,search_range,12,124,20080012,20158660,633245592,734015322,440745313,472637063,
1793,5265412,search_range,30,128,20145132,20207794,691171539,791701003,394243474,467384262,
1390,9961295,search_range,52,76,20080211,20145651,295868944,780893434,395147275,483192859,
1320,4487476,search_range,56,98,20079342,20151810,583774354,797133449,387643051,443186691,
1336,4894034,search_range,33,138,20160405,20203500,646664044,787754794,395819875,457566139,
1151,1536612,search_range,20,124,20109217,20165251,687176684,731459192,416002090,449093386,
1503,5830528,search_range,55,145,20073336,20169768,158427964,800967190,395946162,483312698,
1220,401091,search_range,14,166,20086749,20092967,200855635,803088584,427865685,456211541,
1290,1267721,search_range,25,151,20120290,20129372,147578905,800424738,399623715,493774985,
1535,2095779,search_range,48,144,20089997,20168712,738672237,801145570,386591559,425840125,
1320,2435955,search_range,15,15,20087144,20149124,214302499,772736803,405376929,424047609,
1403,4285197,search_range,40,110,20129382,20186586,481556034,799462152,401055874,454776816,
1579,4333044,search_range,35,42,20063535,20174205,710170614,766247112,389668721,487824161,
1068,148497,search_range,10,90,20076157,20082904,385446315,767384244,409648237,485368005,
1817,358173,search_range,7,15,20110444,20140642,604680233,788764089,431328306,468399417,
1316,2812600,search_range,47,155,20108084,20195651,711242228,791545061,410438057,463413413,
1614,1784539,search_range,8,56,20190731,20199893,691179263,748621575,400338237,454453881,
1154,1089994,search_range,11,59,20154257,20188361,652711180,798370284,421173372,494852465,
1285,1187212,search_range,18,130,20086802,20198672,433619631,814726780,417144772,421224049,
1254,3156017,search_range,24,72,20131006,20199091,178895078,769196060,412213144,429516580,
1970,759004,search_range,12,68,20171791,20205196,643554577,748731341,401044815,410813365,
1372,406492,search_range,32,88,20104064,20125472,252272085,776533749,406148637,420035889,
1237,2178593,search_range,12,20,20060737,20135917,663280259,714731699,392702282,429812096,
1263,4231515,search_range,39,172,20127409,20185999,147494166,766055958,406638051,443474963,
1521,942,search_range,6,78,20169427,20192351,405103771,662912539,430147603,464438963,
1054,3615573,search_range,57,147,20108669,20144523,409746263,749777287,386469824,481891249,
1303,874294,search_range,15,71,20064648,20203785,471017778,743843238,439636837,478047599,
1007,3058118,search_range,57,69,20105701,20179481,547616049,806068149,408500658,480684386,
1137,4686143,search_range,46,124,20137983,20203791,225915756,804341591,407863906,471470400,
1568,5121024,search_range,50,68,20071326,20169172,491574638,766142974,391034862,461036911,
1213,2427448,search_range,22,94,20192232,20209206,382809882,766988785,405115483,442561419,
1233,1520125,search_range,17,137,20111150,20156132,580867666,809393308,421106787,487086796,
1191,2565410,search_range,47,155,20118304,20197184,515205546,818806071,398004608,413113466,
1055,867108,search_range,6,150,20209777,20210305,567126041,821402110,414617824,423029074,
1107,93407,search_range,8,96,20064961,20181873,751176778,788800504,430773991,478343429,
1116,1759792,search_range,23,111,20124881,20172302,439597785,735988230,410852269,472366911,
1390,434441,search_range,14,166,20086074,20179839,572556053,808562153,389805255,400697761,
1667,247779,search_range,8,24,20117819,20155131,372231695,811657387,429890384,443658372,
1259,4686723,search_range,30,93,20092758,20205181,662532068,791721803,388146130,410262970,
1004,159,search_range,1,55,20068957,20140027,239437423,656180757,398177131,463536711,
1941,1836829,search_range,7,95,20190793,20199928,733688907,824675433,396819982,468157220,
1649,4513944,search_range,27,125,20163765,20208738,488364578,800143010,405141181,461294665,
1728,4300658,search_range,26,68,20169858,20206974,554001048,820745848,405866938,447655459,
1203,1357537,search_range,19,43,20142526,20183674,206932619,740607193,399908216,483907001,
1656,386364,search_range,12,148,20067290,20110436,157020266,800896807,431280826,475123001,
1319,4261943,search_range,24,168,20182963,20206882,603121163,823201849,397823665,448276995,
1951,3297384,search_range,38,80,20102032,20156562,373957164,765660862,397590252,443103279,
1253,2074307,search_range,6,142,20201129,20204622,192546169,802673105,413516284,451862602,
1718,2082378,search_range,24,64,20071929,20197191,740611057,830076357,396389767,411740851,
1325,1849871,search_range,20,148,20199250,20203994,709435003,815982537,406409031,424873291,
1284,1522061,search_range,21,117,20152422,20184696,592308900,798413636,401014309,493844528,
1547,13651,search_range,6,38,20179912,20195502,446957579,679654067,416120040,457425180,
1931,58262,search_range,6,110,20187171,20203915,107944371,689416915,436346452,483134347,
1774,663942,search_range,13,93,20083721,20128304,684507084,767159962,426923721,480778671,
1110,1399512,search_range,15,159,20152367,20208170,480764622,763980974,414099787,426794368,
1656,2565888,search_range,17,145,20160805,20190985,635827311,775097729,398279597,453527493,
1482,5907012,search_range,39,53,20077497,20197737,492124922,783386041,405500261,433469279,
1028,3495,search_range,3,174,20122376,20144556,184407349,672190624,443562746,479421673,
1841,97496,search_range,4,139,20075607,20123032,178298025,703487641,413642517,443423247,
1837,5949316,search_range,49,97,20061447,20188658,559609634,765991199,386723385,442726855,
1274,4404099,search_range,40,117,20123213,20189123,320761783,783382717,396707314,452819964,
1059,1718851,search_range,21,37,20126343,20134819,166878811,801389739,400305600,488887848,
1954,8244031,search_range,48,126,20108086,20205955,666821207,817988663,387924052,443327182,
1716,4527111,search_range,45,75,20097760,20182765,692321222,763553142,384692866,447413469,
1024,2489369,search_range,33,117,20068636,20139866,324944382,732816926,396061975,457662979,
1355,2138080,search_range,39,67,20117089,20154697,369716933,788278241,410201787,458892484,
1046,1677265,search_range,23,63,20195683,20204935,681383275,765754254,405307469,423992041,
1745,313650,search_range,7,151,20136420,20143888,542509211,732488507,400238659,488881153,
1881,1635941,search_range,13,141,20193259,20204855,675283843,763009503,410978831,432916706,
1568,504237,search_range,10,146,20085882,20198580,800179370,829594198,384701227,493028872,
1229,1544379,search_range,9,121,20125745,20206837,493500952,715335617,426302314,469759114,
1475,7251619,search_range,54,138,20089354,20156311,651495676,807291649,408315440,485168088,
1397,4465742,search_range,27,83,20160122,20200906,719687452,794500892,404154327,475086327,
1162,71110,search_range,11,123,20082605,20185405,783017497,811489655,424998880,439745168,
1273,2677502,search_range,32,46,20113060,20152276,541077024,820099643,390030111,433510199,
1819,144751,search_range,5,13,20146284,20175453,668298009,726568473,439829066,475169822,
1938,2014471,search_range,13,157,20147883,20195298,668239499,826457781,412144171,446778635,
1427,985983,search_range,12,68,20150751,20171870,553152072,820703403,403106209,417449827,
1299,1341713,search_range,25,151,20104804,20120749,194537169,802772655,389605556,471449126,
1770,3903806,search_range,24,160,20177432,20207726,178173443,769123883,394333679,462191495,
1125,1027164,search_range,12,84,20176363,20198944,737694491,800803355,406629129,480310089,
1164,669881,search_range,10,58,20132558,20171828,671463224,761290225,420014009,443628905,
1965,157565,search_range,7,87,20132404,20159949,682764863,819583025,392484888,403109432,
1625,4516394,search_range,52,148,20071150,20176120,523797751,788136956,407444545,494166036,
1831,420945,search_range,11,75,20073197,20155937,305358373,755371051,437780453,471302876,
1058,2905281,search_range,25,123,20117832,20187777,361362953,811113948,415756744,461392213,
1522,5620217,search_range,14,14,20097990,20182830,333395291,809715563,384835018,464561728,
1212,1308362,search_range,14,62,20099857,20177725,435421158,734944083,418089473,426153557,
1177,507311,search_range,10,74,20103095,20140895,562489888,780326016,429689208,478017992,
1412,2959713,search_range,26,131,20110512,20185947,638107165,815117257,415296095,452841494,
1197,2096165,search_range,42,84,20128575,20198717,718967193,823203267,409157077,467379683,
1374,1101631,search_range,16,152,20079896,20158616,596674985,775257530,428859193,446326973,
1012,796084,search_range,11,99,20129829,20162341,221167640,773423318,423656313,461193313,
1006,56270,search_range,5,61,20172385,20185937,729341143,734613338,415302662,477873407,
1271,3882344,search_range,56,146,20095146,20153126,530325600,819562087,385961068,436707235,
1584,997269,search_range,32,165,20104700,20163220,678133232,764291733,389523396,411364780,
1154,619369,search_range,9,137,20169677,20173819,725752974,796623826,399342829,434128454,
1483,232848,search_range,10,34,20062599,20092299,683483908,766699535,434558019,466644169,
1530,566282,search_range,36,113,20109298,20155108,737041018,746815422,399648535,424418980,
1445,3272075,search_range,55,109,20101152,20205595,717004779,752338863,406533560,438802426,
1496,1104093,search_range,12,156,20124479,20163458,661241102,808753468,422145126,491071806,
1234,3801765,search_range,22,158,20162153,20198858,501699405,818130763,401157643,484094421,
1693,1092167,search_range,23,95,20135221,20165573,559294559,793461484,410343742,476633677,
1266,5100141,search_range,43,120,20140666,20200540,670822330,818388778,404450316,451590316,
1805,4124005,search_range,39,88,20113986,20181970,577548832,783337808,396254012,473111237,
1286,606,search_range,4,175,20080876,20119942,795468009,813160677,427145308,470096320,
1439,2807369,search_range,33,54,20119187,20155955,359299648,811010778,400248747,439641379,
1450,1340020,search_range,41,167,20076467,20116859,724753594,796274043,384872138,464572864,
1607,1637290,search_range,49,151,20060754,20143441,719540851,765638531,402692024,436305429,
1288,1738602,search_range,21,77,20128985,20137197,487024504,817397017,393821643,435785115,
1229,549663,search_range,13,29,20097359,20176977,776978382,811662390,398738748,463733275,
1579,260601,search_range,8,24,20152586,20173068,738905485,753287419,390294560,422825288,
1140,1621624,search_range,21,109,20130362,20170732,707099749,828400784,413781232,468998134,
1133,214827,search_range,6,30,20145759,20152293,377071388,789013682,425759711,491433269,
1124,1764640,search_range,25,116,20090130,20199012,221972041,804144410,426736170,459133542,
1482,261021,search_range,9,57,20104235,20130950,739440724,820483396,411142410,433039390,
1707,1071770,search_range,42,126,20104940,20163328,601251276,764724922,408695649,422200851,
1181,677843,search_range,6,62,20210860,20210956,619049901,726917481,406218383,443223159,
1710,1946549,search_range,12,92,20200265,20207853,327305069,809411050,411574363,433363353,
1929,5018646,search_range,48,144,20068876,20168430,568498816,794842120,393264914,451270884,
1982,8162006,search_range,16,16,20061260,20196116,195538749,802822734,394624624,483114469,
1453,2669672,search_range,11,139,20210413,20210923,661971167,808862965,401549002,493871256,
1151,4035690,search_range,55,109,20099268,20188740,477316494,781164770,410208510,476599875,
1288,386210,search_range,8,152,20118963,20183461,518598575,818975731,436772280,492534516,
1474,917787,search_range,9,89,20194321,20208584,705104016,731040224,397646748,493676149,
1646,284618,search_range,18,170,20127032,20156453,362539089,763948155,407042106,411626517,
1263,2491300,search_range,54,126,20091275,20151185,689812121,740552650,404463394,432743470,
1416,37944,search_range,4,76,20140168,20161450,241772513,775483799,454681007,463490871,
1192,328645,search_range,18,90,20067872,20175287,459895025,759807041,434392873,447260361,
1836,6629,search_range,3,102,20139424,20196768,596192646,775136946,471555275,486501547,
1795,10921410,search_range,45,105,20110908,20201088,544915400,747824162,393397975,477663847,
1054,653598,search_range,11,19,20072710,20197270,735465426,819887103,430572042,474874924,
1806,4773188,search_range,18,122,20125311,20176779,521618029,819126698,415000208,494543822,
1156,2940457,search_range,33,82,20127729,20148574,698698724,793959148,394493678,457035662,
1008,2998531,search_range,10,154,20191211,20210097,672254498,818532002,423402871,449767482,
1553,524132,search_range,9,89,20110217,20150569,436303451,755088731,427080864,480817959,
1349,4888981,search_range,57,135,20061158,20158619,701365017,828114055,395072852,488364566,
1886,105967,search_range,6,86,20173772,20205494,660447376,712748680,448797962,491240468,
1946,6516405,search_range,43,78,20120442,20202036,506895256,818390566,406425440,457193124,
1341,432770,search_range,16,80,20064896,20137996,506601347,769148307,431338395,454925567,
1138,192632,search_range,8,56,20120157,20138345,121336331,763440179,432073813,478733363,
1958,5310,search_range,1,73,20067786,20074952,784008044,806857694,419000953,430960357,
1874,4760641,search_range,40,82,20100360,20205563,675634737,739294865,409331174,462970658,
1506,122,search_range,1,163,20083798,20128353,666732779,750758919,475590705,486003534,
1204,4820349,search_range,57,153,20090720,20181005,661286121,817435167,407004882,494144050,
1068,688098,search_range,20,100,20176371,20202411,686631172,827377358,407970321,412508321,
1363,7327528,search_range,50,80,20110442,20201036,663903757,774976602,397027359,488560023,
1014,173889,search_range,5,125,20110781,20125829,637091252,755707532,441742281,481633909,
1087,1544,search_range,2,110,20116127,20135123,410007013,664873837,393833257,477750905,
1721,6332281,search_range,55,163,20073113,20204194,714157572,774471312,390763520,439348580,
1249,1240769,search_range,27,146,20110470,20145694,553721841,736412934,408557707,426592231,
1754,1638341,search_range,16,120,20193302,20203982,721142577,823420809,400760313,425252813,
1747,9145768,search_range,52,148,20079871,20171725,414247219,813758167,388826820,432788220,
1337,3379751,search_range,54,126,20077267,20150879,640868537,796001753,410207995,481025851,
1254,6009300,search_range,52,130,20129521,20207022,501074617,768042969,402860710,465175963,
1322,4611,search_range,2,164,20207313,20210526,760573900,831074502,434210394,495504318,
1702,5014218,search_range,31,157,20137671,20200078,419667596,814029183,393600664,435652528,
1904,6907343,search_range,48,84,20079426,20191354,392388919,790545445,399356522,463949492,
1949,891628,search_range,21,37,20116368,20187423,721610457,755562837,412048786,446721402,
1528,7694727,search_range,52,124,20090536,20193012,676753028,803178644,387210334,476426318,
1294,6171,search_range,3,174,20138848,20167752,568086162,808115172,470112642,474405294,
1672,1157955,search_range,20,148,20061555,20166233,481035073,799410055,425270411,450981383,
1837,7303,search_range,2,137,20168129,20198215,413221297,687237741,465039661,471777793,
1631,292557,search_range,10,130,20078458,20124882,678649037,741103445,436392474,467561394,
1629,7744999,search_range,20,76,20119006,20188081,536493352,804955882,415764101,453098900,
1292,1269038,search_range,37,128,20100245,20139046,714922567,744888187,409457514,445166634,
1539,1628206,search_range,52,154,20081600,20165775,416036492,751035340,397743284,417940692,
1641,4162420,search_range,51,117,20086662,20167548,419115818,772434672,406567619,475689644,
1380,5874134,search_range,56,122,20085896,20179796,716248951,769590196,396724973,452827910,
1466,1405414,search_range,38,108,20077726,20117740,704718181,789261653,410223163,454476743,
1027,1318409,search_range,33,96,20139788,20164750,681318465,781071742,394445614,477873374,
1629,1575651,search_range,22,126,20119597,20183647,166993618,734616342,410020408,427762392,
1499,4682036,search_range,52,94,20102223,20205659,660954958,782636028,404028042,422968498,
1622,3853599,search_range,31,157,20131508,20191208,712308353,804165878,398608753,438657377,
1236,4301825,search_range,42,84,20127768,20194440,328317842,758814979,400517003,449623663,
1687,44839,search_range,6,22,20185546,20191936,381698692,744167780,447960474,493653330,
1819,918932,search_range,26,68,20078712,20138283,715912689,822897813,416434149,432893385,
1552,352,search_range,1,64,20139132,20207494,588949226,699575345,407817736,416908994,
1169,245001,search_range,7,39,20136585,20181297,521011972,756341782,437324114,489519384,
1109,3708534,search_range,28,35,20122649,20184571,471692889,798475833,391648437,450543471,
1209,605688,search_range,31,52,20099373,20138475,553514850,750403990,387425430,415251655,
1367,169374,search_range,9,33,20069187,20083379,717573605,817203329,408159020,435330410,
1134,706540,search_range,10,34,20138595,20203845,702004939,728560963,423747484,457489762,
1033,2106200,search_range,26,110,20186634,20203756,714096272,828750613,392425286,419001546,
1984,3362413,search_range,37,121,20071268,20162164,699147809,821221325,412346613,455538463,
1051,514787,search_range,10,146,20161563,20181379,622022597,760318196,414788810,448365418,
1227,845987,search_range,9,153,20150419,20156487,609011826,800919063,391663990,482670379,
1643,1357519,search_range,31,143,20097754,20126089,368518677,764845100,389511942,427738375,
1396,121372,search_range,9,153,20089148,20113540,549641060,734984660,439873903,445759545,
1272,987135,search_range,11,115,20139868,20189736,609527626,722156336,393153762,456499698,
1366,2925257,search_range,55,157,20105028,20205804,737022489,805456281,384571138,418818892,
1200,2126091,search_range,44,114,20117368,20150177,632334578,794294962,408361761,489693465,
1727,378378,search_range,7,63,20100390,20144678,667234468,809652461,435405274,479732802,
1969,846607,search_range,10,106,20145273,20158437,678843263,819190865,398787788,473744693,
1045,2076414,search_range,42,161,20120954,20143489,317144938,757139040,393473788,477679020,
1760,20946,search_range,4,166,20136413,20196157,707286619,796535527,448671750,461186395,
1254,3050927,search_range,49,115,20074960,20149837,380116495,766584771,410789624,463554044,
1303,280911,search_range,13,117,20089041,20131762,538184890,745805002,441651199,490168451,
1170,33865,search_range,4,31,20110589,20191005,133570303,694542095,465759675,492136187,
1290,1506596,search_range,14,54,20170905,20193015,664124572,740921788,397883259,483603260,
1271,1838694,search_range,18,130,20154105,20188305,542963838,761829753,394085158,435943222,
1327,3533921,search_range,58,148,20095249,20205316,551924625,764069940,388145242,415791512,
1619,6440515,search_range,50,152,20101778,20194700,689648802,827528249,402416992,469836316,
1482,2448808,search_range,16,168,20161983,20186543,648217385,797471513,393025569,472304139,
1144,1382947,search_range,48,72,20107018,20200690,216768958,742082643,403046591,412614965,
1190,4549816,search_range,30,37,20119612,20206518,555343284,750952516,408801892,471751786,
1277,568342,search_range,16,136,20076963,20184275,200213134,739599266,430292732,461089643,
1084,451280,search_range,12,36,20136965,20151793,683933538,781987026,413512252,447599476,
1997,409706,search_range,8,128,20153757,20173826,648699792,732438159,409493495,458573746,
1560,2346243,search_range,17,65,20070209,20197019,437377574,715562810,416531567,478180637,
1118,1940374,search_range,22,158,20129875,20198912,437685155,795075065,394556531,410182601,
1119,2197811,search_range,37,121,20128450,20153248,701546044,794813344,401995927,445526407,
1393,938241,search_range,12,132,20164732,20185594,410288137,813560211,407031268,420786127,
1756,5979,search_range,4,166,20063632,20181600,802312595,807183464,414910777,477775432,
1372,956447,search_range,22,150,20131483,20167312,552081698,820649890,391152703,412668227,
1802,2374538,search_range,42,147,20105203,20163448,134609104,764767450,404634163,428158203,
1523,2451926,search_range,34,55,20092510,20163670,732563278,809229613,387794084,443262204,
1368,1633396,search_range,9,9,20108486,20139272,482143473,746624658,396680941,427295755,
1616,606888,search_range,8,144,20155269,20208317,642769572,748378086,431383467,495362984,
1132,834629,search_range,17,113,20088553,20186585,730288658,813885778,419902699,479023414,
1897,3152082,search_range,37,86,20119576,20174488,462019402,760231930,399678577,473967382,
1502,6777094,search_range,47,137,20129451,20207009,230076017,774314153,385297887,459028973,
1722,1834892,search_range,43,155,20102655,20156875,722703830,767536318,386797733,453957281,
1372,2250193,search_range,22,70,20143337,20190769,189805164,802536050,409234679,494255537,
1577,9253003,search_range,53,119,20101633,20205620,714995045,822806045,392332853,461491202,
1923,950699,search_range,7,55,20184538,20197818,123763508,728131817,407277337,448431178,
1356,134,search_range,1,100,20128641,20206978,386315526,655397238,391029230,455649890,
1895,1372643,search_range,29,141,20105952,20121723,306032219,808347417,396711134,473225519,
1620,8339348,search_range,32,46,20116581,20187471,111632768,762469820,389016538,465816184,
1466,7402786,search_range,52,112,20065924,20145773,565758761,794431116,393961826,425392376,
1432,1285618,search_range,45,69,20102295,20167575,260672079,748668112,384660979,418881781,
1465,1001557,search_range,25,81,20139776,20157606,416198325,792926373,404059601,460862033,
1118,1428515,search_range,22,62,20124566,20133220,470701116,743764071,406146136,470955062,
1122,5582446,search_range,57,69,20061827,20181251,163770182,767683574,384942884,464594092,
1357,2819735,search_range,26,131,20175739,20202259,670620314,769119158,395041098,420963403,
1225,3777300,search_range,49,115,20097735,20188423,644258518,739521788,403177905,450954115,
1002,1698772,search_range,16,88,20192326,20202655,736257282,795373950,395284376,478041128,
1699,5161010,search_range,34,55,20093891,20199371,611550998,801299949,410324335,454527325,
1302,1441043,search_range,25,39,20123887,20158775,392017620,790508316,407406015,425670875,
1420,3163155,search_range,49,97,20100198,20166738,709324953,765781998,395761169,452394207,
1443,5662973,search_range,37,114,20131554,20203140,276044587,778911001,384526330,430207930,
1515,262555,search_range,12,36,20086694,20161334,388257395,812458672,440349562,452025714,
1636,1275448,search_range,49,103,20084442,20173104,724959429,741433272,399235619,429084029,
1575,406815,search_range,12,92,20078142,20124678,413435368,813717564,435444503,467087413,
1748,14967,search_range,5,117,20188124,20196167,527421138,681103098,397348377,488592123,
1675,1493952,search_range,22,86,20117603,20136303,602119646,776618696,412816356,434294846,
1225,2937890,search_range,45,75,20120824,20165964,520629882,819077303,400133718,479010998,
1519,2599276,search_range,44,121,20079999,20138994,709485137,759605105,402249636,493906282,
1297,3855845,search_range,56,98,20068487,20168321,476284434,745159899,395001511,467611685,
1316,643924,search_range,42,98,20119191,20151356,395297671,746887575,401863962,416393916,
1327,4160904,search_range,36,127,20133748,20195636,444478999,815269756,402330934,455350593,
1172,1152117,search_range,13,85,20097653,20103325,666708816,801169808,403949625,479774185,
1051,1460191,search_range,19,51,20151168,20181138,595261017,786880249,407504386,485046435,
1092,1502101,search_range,20,84,20090769,20114837,673283310,826709963,410903818,467991043,
1258,589716,search_range,15,31,20084644,20179489,305056298,808298620,435252853,486034821,
1977,1602386,search_range,37,107,20085772,20123368,598761771,740375739,385525757,470429177,
1640,7444,search_range,3,93,20061779,20128973,684528620,714579908,470819503,495939241,
1644,3699282,search_range,32,74,20122947,20175843,648970224,825494303,385532175,470430780,
1423,507984,search_range,11,19,20063258,20137178,330627216,784369272,431961726,468684456,
1382,3867534,search_range,47,131,20064682,20137892,624919523,824291767,402689366,450709846,
1389,802962,search_range,15,71,20100412,20117014,693890881,750248553,397616687,433006461,
1840,5990003,search_range,41,55,20080935,20172047,623378722,803074111,390885551,487945853,
1484,328991,search_range,9,41,20107206,20143571,787844912,808967975,399865595,444354719,
1706,6610231,search_range,28,84,20147927,20201630,377485262,743325102,397988054,468507636,
1536,5536,search_range,6,62,20174699,20200179,563772099,672177283,434625501,482704116,
1409,4113418,search_range,48,84,20107193,20164338,429524113,794258959,403985037,465569469,
1000,1289062,search_range,38,136,20067225,20096001,704698665,769741855,399289763,449010043,
1216,1363703,search_range,10,26,20133298,20199428,696573992,717305651,398147902,488672080,
1265,2893297,search_range,46,64,20104871,20189847,195489057,802820257,388142607,415789537,
1406,167658,search_range,7,47,20063040,20203697,752053146,801692286,425739282,429388834,
1157,1720100,search_range,13,133,20175581,20193341,426921653,773605543,408379327,494212777,
1731,473714,search_range,9,33,20189627,20191775,644616223,777734397,403825471,418061200,
1036,740608,search_range,14,94,20133129,20176018,480379855,728463495,394485065,441395432,
1051,69409,search_range,15,47,20083116,20121510,794907514,828803423,403156837,489172969,
1007,240768,search_range,10,106,20103674,20168126,777952467,820576902,387592549,420933883,
1256,3393541,search_range,19,171,20124936,20202480,447009830,815396289,418879765,458805045,
1081,739620,search_range,11,59,20104610,20147210,164648695,767771419,425444601,495066035,
1311,997780,search_range,10,50,20165990,20177270,610740118,778773823,403710984,470224522,
1429,368058,search_range,8,80,20148026,20166950,697249724,731633554,393189390,445959860,
1760,3563623,search_range,22,150,20165912,20204315,552778728,820684732,410367256,476639551,
1822,2621931,search_range,26,117,20131201,20191126,145798531,765886399,410686468,450306205,
1519,6765586,search_range,53,83,20082831,20198265,119487042,799020161,407007406,484971888,
1611,1710515,search_range,19,147,20067952,20203935,712224142,804144832,425226527,473003997,
1070,4206411,search_range,20,20,20088292,20180392,670346451,752565751,394347688,430881612,
1847,1760096,search_range,12,60,20101716,20183751,457214993,740392538,420800130,451972210,
1191,5075829,search_range,33,82,20169492,20204852,474345112,816763055,399645433,454142117,
1134,2056039,search_range,45,117,20072837,20121228,461998881,760227825,392102224,434753464,
1163,4013926,search_range,40,96,20118765,20201871,649640778,742212918,411653788,468253539,
1067,501201,search_range,10,130,20115107,20158307,505041981,768836445,428902324,453342124,
1770,2779785,search_range,17,105,20192279,20206394,399835394,769542605,402979547,479580171,
1137,2422696,search_range,30,44,20117851,20141161,356523742,763045864,398912308,468784922,
1162,3074684,search_range,56,74,20078855,20151587,251430795,747281916,402721645,436324683,
1116,5121537,search_range,34,160,20161611,20206143,452159693,796522517,395988457,483319038,
1170,85817,search_range,5,157,20079020,20164872,192796500,706387348,446596907,457023591,
1015,1225943,search_range,20,156,20169183,20204815,606938928,789215824,411429352,420159448,
1164,7251014,search_range,57,165,20121686,20202164,177499676,801920787,402634080,493925508,
1397,305607,search_range,13,85,20082915,20121369,288182828,780124826,429769480,443561648,
1925,1965023,search_range,43,169,20110242,20170758,726720286,791559142,401275701,459748473,
1806,2929520,search_range,36,64,20112567,20171691,682100388,743174252,393987656,456833252,
1206,680611,search_range,14,86,20144643,20167904,720825529,783503265,385124824,493050049,
1176,212112,search_range,5,5,20077997,20117927,363102079,764032612,441684974,481616712,
1364,1788636,search_range,15,15,20088527,20162075,726532872,786071571,402985402,436496124,
1035,3169412,search_range,46,64,20120538,20174874,612959051,757145951,392572658,466883020,
1933,1491695,search_range,27,118,20127325,20148270,714719787,816775258,384570117,447358227,
1792,3346220,search_range,20,60,20156366,20194684,569654927,795015529,387603131,487617611,
1174,3143132,search_range,48,150,20062615,20136855,233129322,744536701,401353405,493861479,
1871,2465967,search_range,33,89,20105186,20136962,581412359,758773249,393970004,462064212,
1284,1609471,search_range,49,109,20108686,20144533,718972159,776878609,398370431,458586371,
1227,874210,search_range,21,125,20069862,20147544,629581666,804004539,427245588,480859143,
1252,37407,search_range,4,103,20062630,20181414,656181528,691902232,459238700,471086186,
1105,1540815,search_range,15,39,20130687,20174918,594971790,726869083,396490187,447610257,
1215,332234,search_range,9,161,20123766,20154335,687372401,783190630,416868739,420961818,
1818,222891,search_range,29,64,20088625,20125369,217936552,803942627,410008153,414444261,
1346,3235923,search_range,19,83,20167247,20200142,715117953,780934858,386931521,465190681,
1223,2729567,search_range,55,157,20102137,20189305,729814733,787548409,401609827,469594177,
1283,432204,search_range,7,151,20145291,20155161,578388084,821965196,414250766,448042590,
1337,270713,search_range,15,159,20067697,20182417,273211900,806706402,436678194,445986012,
1437,4565276,search_range,55,127,20063027,20151875,301176128,808104602,401907543,484206906,
1060,4930396,search_range,38,129,20089400,20198930,326496553,783956203,413825468,494485085,
1414,1004470,search_range,27,146,20075066,20122680,467558361,724617051,406724159,434326007,
1726,2932150,search_range,14,70,20175536,20205762,675040512,810823371,412905918,460109338,
1024,336267,search_range,6,30,20086317,20167424,638722371,766163113,445058175,450425389,
1189,1830137,search_range,19,99,20088415,20204961,223945063,743159046,427106825,448593875,
1520,3079121,search_range,35,70,20064136,20108224,342516102,785558166,388104190,437885953,
1324,1567164,search_range,9,65,20199690,20204258,126398068,728527001,400228777,469179855,
1793,79493,search_range,6,46,20151101,20193101,543677816,689231436,415280041,494557807,
1372,1779391,search_range,17,129,20138827,20189423,637322260,736053660,402389841,465011153,
1596,5117623,search_range,25,158,20099113,20205494,401238547,791430397,415684961,477968981,
1744,2191094,search_range,28,84,20139639,20182515,693429312,778242756,393451440,477674544,
1541,359280,search_range,10,162,20112269,20151805,748330410,800203194,404653515,451691915,
1515,4007948,search_range,28,126,20070253,20197009,580878133,822089707,417602911,454110250,
1716,1657112,search_range,13,85,20167636,20189366,298891282,807990373,399921154,419682986,
1492,2078986,search_range,26,40,20086134,20161110,508057342,769439518,420920557,448153973,
1255,801608,search_range,17,129,20106082,20174345,744941552,830292877,403502643,436832331,
1728,3753145,search_range,54,168,20064587,20145173,394425518,790749104,387645024,426524879,
1056,2349573,search_range,51,123,20119201,20188126,281237491,779430295,389775427,417014152,
1128,647223,search_range,8,64,20135359,20169442,609298974,767139230,423947331,480034581,
1606,341061,search_range,20,172,20139562,20182486,736482624,741397745,388554688,427116162,
1081,5898144,search_range,55,97,20126037,20206844,603876058,788603258,406140709,443176557,
1904,67025,search_range,4,58,20132875,20160252,389521610,723469190,409227883,418178127,
1217,415363,search_range,15,79,20070986,20141046,249344289,805513011,438869467,489751198,
1999,1268978,search_range,18,50,20064011,20166967,345578790,810324737,425234139,458307420,
1654,2606095,search_range,43,169,20112902,20166912,704674629,756718797,393339967,472382737,
1068,3906537,search_range,57,81,20099494,20155294,583076679,784443383,392566528,450956618,
1875,1610881,search_range,10,130,20153507,20199587,568758800,728374556,394219473,483053687,
1641,2393697,search_range,29,113,20124436,20150434,686851443,805198323,394438051,457013419,
1582,2702854,search_range,48,78,20066246,20160405,649292630,742038840,405702178,419656399,
1047,1232988,search_range,11,91,20184715,20208457,582433601,733844477,417400760,490597364,
1423,9763,search_range,3,111,20200870,20203430,571174789,716160432,461668208,476493056,
1618,80120,search_range,7,159,20089736,20114008,756734538,823077480,426856573,473574504,
1676,1026100,search_range,12,84,20155079,20174686,309723400,756025811,400308956,474124976,
1053,1537595,search_range,16,64,20123828,20180560,518847301,724206845,411660087,494376815,
1766,3674467,search_range,21,165,20185286,20204651,549391116,791975965,393292076,488186492,
1769,234295,search_range,11,59,20082174,20127296,712562148,822562758,433605063,479192745,
1231,368,search_range,2,101,20129561,20186639,808845677,817924460,385200310,441965320,
1950,2498423,search_range,18,74,20187384,20201616,243290530,746060872,403167488,479617760,
1617,85024,search_range,6,134,20168377,20191873,222056667,742875790,450379794,496312788,
1529,3249186,search_range,51,135,20074582,20149668,388913437,745610733,392563822,445647072,
1994,2878572,search_range,31,164,20089320,20144121,587816837,822436646,413755689,447745545,
1024,1508878,search_range,12,36,20107819,20159459,664878279,724345652,395800078,467851246,
1912,2300381,search_range,35,77,20071100,20120100,275518851,806821741,408840732,494235833,
1194,3306011,search_range,56,164,20099658,20149806,234064210,774712966,405554915,480095235,
1142,2626581,search_range,57,153,20094218,20158502,635381118,764993679,409066725,435965805,
1772,346288,search_range,6,102,20092477,20157718,655893850,754284010,442012723,487386803,
1966,407619,search_range,7,63,20145316,20171628,398308022,812961210,425847152,484153680,
1835,138324,search_range,5,21,20154021,20171145,537025973,760345283,438508519,486685959,
1024,858389,search_range,9,9,20068672,20097156,659780900,808534436,412471954,434036544,
1496,3934731,search_range,48,90,20094348,20164404,650132077,770156514,404685535,470516881,
1178,1721498,search_range,27,48,20085988,20117268,282898396,724407724,416809099,494634258,
1910,1513467,search_range,10,130,20115922,20196825,523316865,725771182,420464757,443944425,
1759,4283643,search_range,47,131,20088557,20143700,605462775,788920599,387623021,448732036,
1941,2568954,search_range,36,169,20117664,20145696,573453708,769452213,397906836,493689142,
1409,1747876,search_range,26,110,20084080,20153941,465671439,742506654,420614609,440143539,
1719,1302609,search_range,31,122,20107875,20123358,189971348,802544363,398265817,488683867,
1537,29576,search_range,3,147,20200528,20207405,745604864,758981891,441923061,456124876,
1986,2067559,search_range,25,67,20138380,20171104,508588237,802165375,394921380,446825850,
1293,2720821,search_range,42,70,20119756,20160859,259841769,777290721,399741524,493780884,
1261,615471,search_range,22,70,20105172,20126356,618242689,758995223,413424241,451811977,
1611,1607485,search_range,41,118,20117216,20192320,718412787,794054756,409918496,441002633,
1724,1325944,search_range,14,142,20119107,20142107,609034774,755772456,417034930,441543550,
1365,5498987,search_range,39,102,20073341,20197325,560505842,738787335,389994264,444362294,
1241,2586929,search_range,14,134,20125219,20168159,519326417,803239193,418982808,446894440,
1792,4675,search_range,3,12,20105251,20179339,633294447,713890687,471932362,473272260,
1876,2330912,search_range,34,160,20100365,20133587,695361125,744159497,384548483,453057587,
1362,2214,search_range,2,29,20200845,20205462,402506012,683487388,465842401,472419985,
1455,498117,search_range,7,39,20185795,20207300,351379534,810614778,428684295,435688897,
1395,443530,search_range,7,55,20152879,20190722,632020322,804370351,432120579,495399832,
1228,144560,search_range,5,93,20157070,20170580,662087272,791610607,437486566,477295010,
1418,1873015,search_range,33,40,20080523,20132755,713883369,810604713,405633948,433562862,
1868,1097780,search_range,8,80,20130398,20134433,497862424,733708258,390996992,428703654,
1593,173358,search_range,5,109,20185130,20194223,687702119,753889442,435240418,473334358,
1995,1684673,search_range,17,97,20121662,20135078,672724265,786166811,403536223,470172093,
1089,3428488,search_range,30,72,20167808,20204613,476353736,798941924,400042094,424714149,
1041,2748526,search_range,21,77,20174500,20196460,215234021,803807509,390226360,449903538,
1281,1002158,search_range,12,124,20144979,20178039,590134429,736924801,407264182,475863787,
1319,2936483,search_range,57,135,20070573,20175963,714538599,768649506,403173949,489174691,
1517,1308,search_range,2,92,20198678,20202404,277816391,695542886,472186831,488112931,
1977,2114581,search_range,46,142,20078310,20171270,529938176,758573336,396892948,417260424,
1249,3194223,search_range,30,86,20117165,20192317,546844296,820388018,413904788,452076281,
1806,479773,search_range,34,76,20104002,20162907,665718060,750251560,410568701,419384863,
1243,3047124,search_range,31,87,20146294,20207854,568544190,754912792,388726082,421727354,
1153,674002,search_range,14,86,20175200,20194945,700959752,754489872,400001903,414811166,
1306,2513,search_range,3,30,20135111,20161704,563915198,672263142,444289408,471509868,
1084,1682116,search_range,41,69,20121070,20175094,722114872,761549435,387500285,437553803,
1049,135249,search_range,14,62,20075887,20170541,694016177,764400617,441889885,447573929,
1484,1165956,search_range,33,75,20061398,20098823,401961509,769861518,407022484,466632580,
1462,3602178,search_range,34,111,20135367,20195959,141139251,765420471,397832653,448281483,
1195,1003681,search_range,25,46,20099964,20138863,675085889,810830175,396895460,412170689,
1148,10280,search_range,8,112,20073030,20135166,797533691,819884507,414787780,465153304,
1570,4181772,search_range,16,160,20102154,20140283,679959327,741889615,415519495,448803823,
1920,8997,search_range,2,38,20166385,20193217,509844109,688561626,469255248,481045280,
1425,1539403,search_range,8,120,20104820,20157960,619919150,716608805,420006685,439687595,
1655,884788,search_range,8,112,20186747,20192837,146220174,800356810,411755396,485684078,
1872,6469232,search_range,48,84,20071913,20197175,431507885,774293471,403761672,493981880,
1227,2584013,search_range,24,72,20182720,20206843,477194485,816905517,384813380,418988462,
1054,2635283,search_range,27,55,20148824,20195534,130394183,799565500,407890085,448768193,
1355,3697378,search_range,56,152,20084611,20154175,278540041,751348308,393090586,445910456,
1100,2769805,search_range,25,88,20153706,20196756,306409657,808366287,395784558,426668286,
1859,818628,search_range,17,129,20071828,20183252,152424744,800667029,430655078,474903984,
1814,800209,search_range,16,56,20140363,20179270,723757553,790374053,407880440,435135404,
1261,4781674,search_range,54,78,20096744,20193950,661759996,756923779,402579780,436232469,
1347,68770,search_range,5,149,20126043,20134549,742128970,816253834,421105832,463799296,
1622,1370258,search_range,19,59,20095783,20118847,601958916,788219828,395266436,446998376,
1475,3194556,search_range,22,110,20172379,20207227,167186064,768025146,409259570,489783254,
1213,1316833,search_range,12,60,20123114,20136311,238619889,775168533,417333792,474311356,
1150,615369,search_range,9,113,20134523,20149839,466528483,761133731,414153432,452213028,
1674,1605313,search_range,21,29,20080406,20198036,723384064,829214995,404674068,409376881,
1155,94789,search_range,5,53,20094227,20176043,541472633,688128843,397209127,483502147,
1334,2019664,search_range,16,56,20127605,20186055,426901929,793996737,420785712,487038622,
1225,2145610,search_range,26,89,20146256,20191644,678228332,748678856,405008502,447183321,
1031,3461304,search_range,49,67,20116847,20173403,653268059,780329959,394105619,441186734,
1526,4054510,search_range,55,157,20080894,20198074,386593876,789965938,402962721,422116241,
1511,5225413,search_range,37,149,20125425,20198253,690079847,769667707,399373668,488794662,
1014,51320,search_range,11,91,20065252,20101712,534829845,774794005,391565982,396924199,
1270,2662800,search_range,37,135,20128021,20161253,686934745,783037440,395603141,478104885,
1271,3078366,search_range,56,116,20110184,20190920,715208492,757060288,399097365,458877141,
1115,974193,search_range,19,131,20143911,20177501,650752284,751970302,409220038,476352748,
1965,3109620,search_range,41,104,20084115,20134907,259320264,748465327,398668970,468711922,
1026,230668,search_range,6,134,20192075,20201585,711996001,761111625,432086508,455411845,
1601,3259779,search_range,27,125,20142919,20200872,693110343,763947693,390933537,423272571,
1626,207757,search_range,31,136,20100133,20155613,738310509,747957963,407995656,439752787,
1253,2180080,search_range,40,166,20127485,20173476,556395193,779107081,400559466,420193638,
1076,604694,search_range,39,60,20068653,20132751,440082160,755844480,403378529,412913709,
1074,1816684,search_range,40,173,20113305,20132865,415233156,750874676,389695443,460568115,
1267,275767,search_range,7,95,20084082,20128539,371267132,718905572,427908417,456237177,
1000,271923,search_range,11,131,20095302,20205312,112086207,726380221,394301568,415187320,
1213,2559631,search_range,39,137,20126529,20194193,503878756,768603796,408249393,426345577,
1020,2202346,search_range,32,95,20141034,20186573,705207643,769996343,406516872,480287624,
1102,8514806,search_range,23,23,20071887,20204146,670055747,826548582,405980774,494092837,
1764,2332961,search_range,32,53,20105220,20200512,669691193,752238123,401715917,416268077,
1704,2081012,search_range,17,89,20152082,20181592,138268589,799959226,398213700,488678658,
1210,309042,search_range,10,130,20106896,20117316,390055657,745839177,407536162,466812366,
1640,436194,search_range,10,162,20145066,20204502,578021950,757756120,394400651,404833619,
1277,582,search_range,2,155,20123468,20202344,193797714,738636953,474427351,475642500,
1906,3528538,search_range,20,132,20185173,20203317,658954887,799619015,394985645,441670751,
1168,634265,search_range,11,27,20090572,20162884,582411219,796928983,432154224,475428689,
1207,305015,search_range,7,95,20168072,20176676,321723623,757825830,420793739,483143003,
1554,12612,search_range,2,83,20101381,20112353,724668400,785232563,448207546,483573492,
1669,1031569,search_range,15,135,20149187,20173955,415848886,750997814,393084668,430060649,
1500,2103497,search_range,37,156,20120699,20143299,124731255,763779675,403444193,465380171,
1994,2686292,search_range,38,136,20081914,20120668,376933252,811892462,394801334,441569375,
1215,758126,search_range,14,150,20103367,20173398,584857019,822288657,427337561,480882131,
1496,4572593,search_range,50,158,20100558,20166882,314409396,808766273,389679849,476920233,
1733,2597113,search_range,31,66,20062129,20099374,216453174,803868460,390785734,433963566,
1796,3000613,search_range,41,104,20096772,20148216,696030904,751532560,384793392,487336620,
1711,243303,search_range,7,111,20159694,20177684,572436601,716728254,418818300,454778709,
1625,2444798,search_range,15,87,20120136,20206548,565086672,780845376,421637245,448619823,
1814,4648895,search_range,27,27,20070130,20154718,264338765,777740417,389777136,455149044,
1240,3578680,search_range,55,67,20079668,20197964,732009196,798813505,385932962,425412038,
1502,706,search_range,5,101,20132651,20199325,401592672,661508100,391119420,482588685,
1782,3278921,search_range,46,76,20063345,20166777,568728778,754968174,408706965,453718645,
1858,5388026,search_range,48,90,20086411,20173687,444879758,776299263,397732577,473480882,
1788,2269770,search_range,36,120,20119911,20156383,289320916,752965435,405131995,475330735,
1153,688081,search_range,14,54,20189463,20202447,712450601,761384385,393167028,409001523,
1063,2218848,search_range,56,86,20107074,20148682,539708404,775769716,407899002,476022492,
1334,1297829,search_range,25,158,20067314,20153582,541547434,746813768,424176289,468908713,
1131,17332,search_range,5,117,20112480,20161790,758026501,807919565,432121329,472086729,
1444,932261,search_range,25,137,20091792,20121617,351479399,810619776,411659638,424720240,
1193,1200084,search_range,26,33,20083136,20102330,700989886,808026014,415468349,477914834,
1147,2700581,search_range,41,90,20121638,20175314,646510180,750061364,395993309,442224968,
1878,998943,search_range,39,130,20073425,20135381,729308456,782046756,406595802,475696692,
1190,603787,search_range,17,41,20084079,20179344,278323984,751315885,430866976,461405479,
1176,1025860,search_range,19,91,20072276,20197214,692995491,756800793,427912474,463321394,
1482,2664945,search_range,19,131,20169591,20206941,670985311,736505207,391724950,461278447,
1097,6031,search_range,4,94,20164214,20192342,96327194,687093482,399314484,444051612,
1175,451343,search_range,8,96,20136865,20155425,548458536,820468730,420841792,459786052,
1442,5809128,search_range,46,106,20115719,20192023,584935560,809800110,399723798,469028362,
1222,2123770,search_range,58,136,20081966,20198192,722591898,761859504,408477810,494217704,
1921,99929,search_range,10,82,20066071,20116828,735233210,745188394,414220606,490279354,
1347,2026249,search_range,13,69,20194921,20201393,573154900,808622044,413612610,464683242,
1632,7239365,search_range,11,11,20115780,20168206,377772487,789083791,390906499,466383173,
1367,4030741,search_range,51,99,20088348,20155866,645815719,740300389,408311428,448999933,
1059,333594,search_range,6,102,20157263,20186875,561177317,752702735,440186548,487021572,
1659,1051399,search_range,9,113,20104392,20163077,445390059,717966559,416872008,441429504,
1312,4579432,search_range,47,125,20118424,20183300,689592506,827525419,391882086,482703090,
1513,2042985,search_range,38,87,20115016,20148644,638374492,756220828,398219894,428373020,
1044,353121,search_range,6,70,20194669,20209465,755027659,818833579,425875641,495087587,
1158,371963,search_range,8,152,20136447,20162578,581387727,746095985,423765163,461247743,
1443,5612387,search_range,52,136,20095362,20187954,389924494,790298998,402707145,474724530,
1390,2824994,search_range,26,33,20117989,20201797,728088735,813445791,408536156,494220608,
1336,6370689,search_range,55,91,20096184,20193866,605830895,788994223,402050034,469726230,
1145,76928,search_range,14,142,20082785,20159777,582833288,822187460,440379189,443296746,
1423,8007556,search_range,39,53,20092786,20193358,615925682,801956155,391737788,471982193,
1014,1355,search_range,3,129,20139628,20186090,813928471,833742222,386373338,425698281,
1233,3251011,search_range,14,30,20094606,20199456,460876412,722612460,409526061,480889469,
1024,2799059,search_range,46,118,20092106,20181356,637984143,824944998,411060565,428594517,
1140,3169977,search_range,29,141,20064926,20159943,227666188,804429105,416023930,482189050,
1149,5804145,search_range,53,113,20126112,20202594,703971597,756296981,389004214,482271399,
1528,255666,search_range,8,16,20089250,20113622,710395300,772590180,430510514,488497344,
1090,911344,search_range,36,141,20130484,20158701,731758491,772969115,398484313,453619613,
1358,3708354,search_range,32,74,20131526,20199169,683713690,744142234,406859724,461982084,
1248,2459959,search_range,16,56,20172998,20195858,638461997,815152751,400789319,444862769,
1550,6452146,search_range,38,80,20138880,20203878,137552331,799923415,399393144,449061734,
1784,3491935,search_range,43,64,20110086,20165647,176949073,801893254,388274389,449025156,
1078,1483614,search_range,13,93,20141939,20207641,622319873,824161794,426004038,451458236,
1518,168226,search_range,9,137,20069080,20111686,503280054,818209804,441897237,458947161,
1745,2209514,search_range,26,75,20076991,20130631,637121113,726069886,390906737,482556780,
1064,760645,search_range,29,148,20133968,20164824,674574432,802742928,399847290,414679746,
1538,7786456,search_range,48,138,20116421,20206367,705696668,808967372,395379646,483227724,
1193,1434539,search_range,16,104,20171548,20195284,611797086,801336852,387018852,414946717,
1976,7900056,search_range,48,108,20093972,20205236,630201517,763180818,399145253,478813301,
1269,990928,search_range,11,35,20118874,20192650,293681473,753619516,426787806,473550444,
1969,765753,search_range,6,134,20126133,20147373,227926272,713413296,392631524,472205624,
1761,342402,search_range,15,103,20070471,20189998,723500976,729065180,416748678,494631236,
1488,936731,search_range,34,146,20077173,20090565,700919944,754465984,391366357,461152931,
1234,2431044,search_range,23,95,20131272,20187146,366063252,764476782,411839153,485696639,
1011,4048,search_range,3,138,20133914,20160927,662292327,800286503,472366729,490821249,
1565,2237054,search_range,46,136,20101790,20161916,709896521,816051780,408098433,439819591,
1598,5289423,search_range,33,47,20112258,20191330,224677631,773774309,387229146,476430090,
1713,149200,search_range,6,150,20147438,20176085,646026479,797033343,432700370,449207860,
1327,405184,search_range,12,52,20100956,20178054,315147177,782821269,391014594,401786166,
1873,1489475,search_range,13,21,20097722,20114729,584475803,809754119,390862615,450189850,
1025,776965,search_range,12,28,20156769,20189373,693449110,820651456,410685071,423891860,
1629,14445040,search_range,51,123,20092332,20199216,589404943,810247033,386398219,476263899,
1700,707219,search_range,32,137,20092458,20133982,576327690,783093578,408826566,417816942,
1126,751492,search_range,24,56,20101287,20178161,724862168,735854456,385090048,453274216,
1531,3266754,search_range,31,136,20139873,20200410,531575742,819624596,391001154,417933444,
1839,385237,search_range,12,84,20080021,20139007,383175161,812204566,435681256,457748427,
1116,21242,search_range,4,94,20207838,20210772,313386208,808715106,453320776,473755069,
1060,1487037,search_range,30,142,20101586,20200154,717865050,735403050,388122383,443426353,
1288,3028791,search_range,46,142,20110375,20160735,574360358,795721353,404927545,461209213,
1187,3248809,search_range,46,94,20119278,20183552,579712377,758263253,390374163,433716627,
1121,3004031,search_range,47,95,20117118,20187603,494996041,800806159,393825073,420051383,
1438,1415096,search_range,35,77,20078410,20091680,458679653,778369243,385290592,453354424,
1891,6792835,search_range,48,120,20105629,20205835,636181678,814924720,406926494,484959741,
1990,61088,search_range,5,45,20189242,20196893,641320505,796092137,447953534,475880763,
1465,2626110,search_range,20,100,20091006,20139046,490452412,783135156,414546546,494521137,
1024,1457241,search_range,36,99,20114588,20133892,226148901,743489637,408540717,449126037,
1270,53170,search_range,12,108,20060843,20158512,793259594,820251143,408183215,444402055,
1680,2295095,search_range,29,148,20136786,20192526,711206859,760638139,397086338,432661731,
1147,445953,search_range,7,151,20178858,20180470,667419170,818048462,407717057,439571698,
1570,4954138,search_range,36,134,20086072,20198590,436465855,775037175,412624321,481509121,
1680,742383,search_range,9,137,20119153,20155929,701715312,828131565,423362464,434667643,
1088,3068500,search_range,29,85,20177946,20206132,588615196,822476563,398093134,423252429,
1400,1659686,search_range,11,83,20153656,20199608,665854730,826338534,421655126,456338966,
1167,1091,search_range,2,155,20095575,20187991,724391667,746470343,450970326,458134326,
1355,1587446,search_range,28,119,20135371,20173231,519034900,818997552,408077052,457936345,
1615,1050329,search_range,11,75,20093155,20122640,98560583,797973820,422310494,494909323,
1076,1404883,search_range,15,23,20063779,20203733,595291036,786886252,439115318,465942068,
1826,801523,search_range,10,42,20172602,20182227,194653449,802778469,386128314,419908914,
1370,367500,search_range,6,62,20184589,20191219,657511029,781602843,426436593,440895337,
1246,1283338,search_range,8,144,20106720,20138034,275243984,722876832,400922378,484059127,
1887,6958076,search_range,50,110,20077729,20191102,358382405,787144781,399515674,468965922,
1277,1569155,search_range,20,68,20122823,20136065,642596427,786737892,408588838,489716170,
1376,1911263,search_range,19,99,20107421,20185181,592391065,725707754,396230123,442355213,
1453,3041322,search_range,9,9,20197002,20204757,283211624,779627702,386643311,459499874,
1582,4504597,search_range,47,155,20090648,20162924,637754505,805230464,394727245,431128323,
1792,1205572,search_range,10,146,20181333,20193237,474649345,744751120,389863785,476957017,
1450,4787467,search_range,33,159,20134545,20199621,705466990,776591923,389475378,493267571,
1728,507366,search_range,7,119,20131235,20175158,620260017,738248789,391226884,412727572,
1896,1662656,search_range,10,58,20126676,20194212,259839640,719795976,403558902,441627470,
1428,504354,search_range,10,26,20116641,20154425,739634554,796724854,411504088,468201144,
1035,4236770,search_range,57,81,20105627,20153093,648580984,769613623,390814167,444772247,
1557,706944,search_range,7,143,20163152,20201504,479907241,763809497,436028016,451703591,
1010,5508910,search_range,58,142,20094112,20146753,380273165,789333857,404377669,432683467,
1631,223527,search_range,11,75,20061429,20113817,700069158,767427108,435117431,470104526,
1458,5610,search_range,2,164,20188319,20195153,237081424,715244320,466490200,477774242,
1308,4908822,search_range,57,141,20089484,20168537,519755741,803282129,400571985,479098657,
1477,3258564,search_range,32,81,20108147,20185367,618299350,813136480,413125881,460208323,
1237,499084,search_range,16,96,20090104,20096154,590605165,810367057,424976333,476604119,
1849,87905,search_range,5,85,20170918,20195026,717535547,764435347,439636099,466228498,
1638,6039258,search_range,44,100,20116952,20192264,534735062,804780062,396938871,488551185,
1093,4973731,search_range,58,130,20105862,20190054,517328619,787166593,390076509,433538037,
1464,1893641,search_range,36,64,20086773,20099205,633052741,824698445,384548815,464475865,
1515,2337480,search_range,25,109,20103593,20200343,627811072,772692858,388030502,410170466,
1396,2474787,search_range,51,69,20075742,20170494,729028090,797770114,392436644,424324748,
1560,518170,search_range,12,76,20076059,20157083,625281915,740508642,433352262,488923613,
1146,1908194,search_range,17,129,20199065,20207493,451974781,739082491,391079011,493347765,
1302,8341436,search_range,35,77,20145207,20201222,635245624,814831102,391468911,466551905,
1467,73514,search_range,4,31,20086188,20142402,599308386,717046716,462926748,480828538,
1501,390330,search_range,7,79,20141619,20162463,698023949,725376169,398027067,493695164,
1260,718195,search_range,13,93,20118590,20187980,748475702,765737574,392661892,488123470,
1363,1504333,search_range,24,96,20095346,20112710,406191376,791925688,394533870,467471392,
1841,53479,search_range,5,109,20127276,20152422,403106637,748449373,442846297,448434699,
1413,2516213,search_range,15,31,20137787,20207441,254862289,776792773,414272661,439609959,
1865,582012,search_range,15,143,20065657,20189281,748467406,821837400,414869961,490344285,
1584,1067550,search_range,9,129,20179706,20206396,432699222,814680770,428710194,491728302,
1498,765134,search_range,41,104,20099030,20171882,735585730,760385560,404182721,413637481,
1878,3563675,search_range,48,162,20072528,20162605,632707499,753954035,405123829,442566429,
1730,1959810,search_range,50,158,20069336,20182744,474428637,744695952,386452704,420135990,
1527,1138496,search_range,21,45,20067317,20146396,664326882,741033063,424431975,472725896,
1132,4267867,search_range,47,89,20111202,20186127,704448618,776133660,395259749,431474452,
1400,1786366,search_range,53,83,20079289,20164972,726382449,758903229,396019650,442239456,
1420,2820162,search_range,25,95,20146108,20185108,378102275,811950916,403550552,470176384,
1183,1309439,search_range,56,80,20089632,20186800,574569565,769731175,408283820,417328470,
1191,331937,search_range,10,66,20093477,20193454,738612024,762655279,413668857,430681149,
1040,2532870,search_range,24,88,20164493,20197113,396587473,790965295,403589444,446402840,
1034,223001,search_range,13,53,20073473,20107878,580855010,809392046,437563366,455913454,
1656,28027,search_range,5,77,20146692,20198212,654345520,699455405,450268695,455114857,
1185,1260786,search_range,12,76,20154190,20191188,618816828,823986637,418554670,474677632,
1931,2522226,search_range,34,153,20102753,20146089,678382578,803504562,410827428,494335183,
1529,1689703,search_range,17,161,20164804,20201844,736350045,780645795,401745920,445388900,
1937,5370,search_range,3,120,20076766,20103634,804116942,811783972,391935421,472031596,
1152,2140079,search_range,32,81,20137799,20174449,532281036,804534654,399800037,483890775,
1341,1337405,search_range,14,166,20130734,20166896,331221190,734072278,409721304,427523108,
1894,51312,search_range,15,79,20061174,20128638,656441461,736696081,410059680,414493212,
1359,5529618,search_range,54,168,20111323,20191147,551277228,806434266,387534870,432013054,
1065,315581,search_range,39,172,20061065,20143587,705433046,750706246,407117635,411698269,
1970,755674,search_range,14,126,20087228,20198720,751019343,813843618,416207176,482225688,
1907,2664257,search_range,29,92,20117794,20183104,661044584,808723975,411314153,468134657,
1605,14748867,search_range,51,129,20091000,20199090,643995232,796627088,392018695,445374505,
1393,4422281,search_range,52,70,20084879,20166922,682952136,804418472,401518213,440403053,
1134,2486163,search_range,56,128,20099887,20149936,580365543,745738218,392642923,429773513,
1020,2356801,search_range,52,160,20119583,20165343,382637116,744355468,402443864,474658709,
1556,1134165,search_range,11,163,20096378,20199626,626090538,813915606,431898455,495388722,
1111,1607358,search_range,59,167,20083098,20147098,230358136,804563710,385155989,413549574,
1361,5223658,search_range,25,39,20158478,20205836,703133521,801872176,396789014,488536184,
1605,407640,search_range,12,36,20086954,20149024,713519651,749899271,425977377,458716200,
1578,232022,search_range,10,162,20079974,20119310,616768252,736677492,435742724,467236524,
1159,604225,search_range,9,161,20144983,20201185,683159021,827203759,433624283,462922001,
1367,150268,search_range,6,6,20173293,20192193,642714933,757957005,444143418,457790143,
1643,163069,search_range,10,122,20073248,20100820,747508848,764964088,406704209,475723799,
1377,131704,search_range,8,24,20082110,20191760,584142748,809720818,433866648,437109832,
1110,263210,search_range,8,120,20133910,20164790,382720115,721768820,423458835,442276705,
1216,66449,search_range,4,67,20168141,20185325,97058567,797898723,453027613,478164098,
1592,1496046,search_range,19,139,20117271,20131344,438338578,735673438,406528376,475679831,
1512,1567772,search_range,11,59,20157354,20205720,595781360,798934505,424305731,468960491,
1125,57273,search_range,5,45,20186544,20207420,548602486,820475918,444763281,447461633,
1500,1253573,search_range,15,143,20143924,20164078,675631920,826827403,394445483,472659113,
1534,621626,search_range,8,152,20177978,20194538,706615976,751475154,421585123,448585943,
1365,2990920,search_range,41,167,20122514,20184520,658513778,773090110,404661795,442289203,
1099,443142,search_range,26,103,20120342,20124880,256799643,748087233,394633902,457091754,
1449,495983,search_range,24,168,20071817,20106637,708811219,752902063,423748565,472486709,
1215,1277774,search_range,34,55,20107599,20123124,684719923,812275275,395711641,457522849,
1705,1091287,search_range,14,118,20147538,20166606,530170187,804323561,393487176,472419531,
1541,3862974,search_range,47,143,20107489,20190385,706295074,796238060,407235806,443833614,
1386,9416931,search_range,58,160,20096283,20205362,684086170,819715162,388713404,471226094,
1021,943461,search_range,29,113,20139623,20157493,518308229,803137367,397214374,427669156,
1223,560013,search_range,8,128,20091390,20115334,129787929,799535193,427081261,480818056,
1216,44184,search_range,4,4,20209685,20210253,590999198,737270714,427522611,431082997,
1677,2539999,search_range,40,103,20086278,20129965,600999023,752959936,403377767,436751163,
1439,3169,search_range,3,93,20074223,20176883,599856005,705574073,423750931,434997841,
1668,3711428,search_range,22,174,20186251,20204881,554749330,792779692,392509341,488108223,
1145,1315861,search_range,47,101,20096925,20148306,405514933,813321547,391423311,412884715,
1275,1441469,search_range,37,107,20086756,20092973,407514220,813421518,400383084,493812962,
1338,4047959,search_range,27,146,20173465,20207341,201776814,771484230,393928354,467289726,
1551,4811,search_range,3,138,20160600,20165650,672612024,680720675,393660205,461955783,
1450,1284698,search_range,9,25,20111253,20181141,152759977,732481295,420083951,435813227,
1654,606,search_range,4,94,20186326,20199955,648926473,667512331,398453041,483688729,
1483,1606806,search_range,26,40,20124137,20171965,720448338,789050370,400425358,425001598,
1588,2241715,search_range,25,53,20097834,20137475,618652560,759138685,412268645,455499485,
1225,173272,search_range,8,72,20144135,20150831,113948872,798743243,393747312,409494762,
1655,506671,search_range,7,31,20148050,20154356,301748039,781481357,411663497,459550248,
1486,2779986,search_range,48,120,20103061,20162483,525449723,741984447,402016940,455209299,
1019,2772543,search_range,29,78,20175751,20204023,484787313,747285618,401401382,440332958,
1602,810076,search_range,7,95,20193942,20205954,510946738,770017394,414694310,423097912,
1588,217664,search_range,33,110,20062402,20129317,728700898,744613522,391386638,412855374,
1940,2887354,search_range,32,109,20090181,20138549,184326902,802262154,411984824,455357574,
1557,2555355,search_range,20,100,20150926,20193052,597566284,799202230,407306590,480445582,
1922,5188039,search_range,49,127,20068298,20182538,623764087,813682951,402713447,436319355,
1019,3163259,search_range,36,50,20097050,20182595,696159892,744678698,406804401,434382177,
1345,2445220,search_range,35,154,20127036,20177472,626750633,751571285,403855141,427573936,
1566,19022,search_range,6,150,20189497,20194897,537135260,685960160,400317838,454444702,
1100,4049395,search_range,31,157,20167747,20206771,673567383,802541511,400179994,429745090,
1858,1666777,search_range,10,138,20189009,20195639,189285850,802510090,399659575,469009093,
1158,3147451,search_range,51,69,20107482,20159292,649108383,797649711,400135381,483941080,
1495,34275,search_range,4,157,20115546,20163326,593573541,702118725,464075767,474472135,
1274,4709515,search_range,36,64,20126468,20189948,230168451,804554221,397361510,432840597,
1333,551228,search_range,29,57,20070681,20098765,733414786,799305455,407403227,453066777,
1349,4996800,search_range,36,141,20131869,20199223,331570884,809624336,399576375,488814921,
1241,8059611,search_range,56,80,20098109,20199809,208913101,803491463,399206857,453944760,
1744,2865081,search_range,45,99,20109989,20150437,660133972,808587390,396868232,432519960,
1519,1401872,search_range,14,94,20122767,20175771,620273982,824059508,416733294,429032847,
1563,596,search_range,2,56,20108860,20165092,809043539,821914299,399001547,433906620,
1183,2102285,search_range,30,37,20116691,20182771,705965134,783257086,387175261,420641779,
1339,1370486,search_range,19,123,20128650,20132773,704033043,775946643,398242718,428388998,
1448,38614,search_range,8,64,20069582,20133266,776897076,794263470,425051018,447154808,
1601,568551,search_range,31,143,20082261,20108029,655820511,754251008,389444765,416766155,
1226,2743242,search_range,25,32,20126932,20160596,526205402,819356079,386387406,448176012,
1031,2280968,search_range,34,146,20111117,20161107,435560481,814823832,413219218,494454763,
1267,19947,search_range,4,166,20195621,20201039,407270390,770657851,453949849,496491305,
1448,85896,search_range,6,134,20155716,20164023,773505121,810273085,401291538,459754806,
1420,23812,search_range,3,174,20170274,20196807,652337579,780050815,456772294,467261799,
1114,1152062,search_range,12,28,20099502,20144142,598180376,787464120,423740272,461235292,
1881,4246341,search_range,27,139,20149792,20201897,266510350,777957580,407342499,466744582,
1102,39692,search_range,27,104,20077181,20103965,666721451,742350071,410516275,414926977,
1199,378469,search_range,27,41,20078847,20131751,719838246,765816966,405852509,410496400,
1430,5780500,search_range,56,128,20071962,20183274,612304474,823661025,401072528,454784318,
1835,2786841,search_range,17,129,20195335,20204791,518568168,771541672,397270358,478438326,
1766,6313109,search_range,49,79,20076789,20197677,595391196,750997205,396464027,468050437,
1243,2657331,search_range,25,74,20129219,20202911,306732472,729174536,386528257,437019184,
1076,1198309,search_range,13,29,20125356,20138217,609388461,789705741,415137393,436035623,
1026,382349,search_range,18,138,20077854,20137812,495055877,800812139,434745938,460339690,
1633,1967846,search_range,17,81,20095846,20193817,540217083,805328247,421616334,433183431,
1547,4908269,search_range,56,140,20068881,20203990,729138732,781961892,396873777,478359009,
1209,1486375,search_range,12,108,20143309,20204329,141214727,800106531,417748690,429895936,
1151,5935882,search_range,58,82,20108011,20200783,630475248,804138578,408037999,480591855,
1788,1435411,search_range,12,100,20123270,20136446,695875878,737548632,397184208,483498410,
1088,827068,search_range,16,152,20067962,20125218,609187719,767105857,428216466,445844931,
1960,2782902,search_range,11,115,20180940,20197528,532424198,789430929,389499277,444114797,
1621,3593068,search_range,42,154,20111866,20181334,283494765,779656017,398337731,438494771,
1971,984495,search_range,11,163,20174868,20183928,517650636,818928335,384514872,464465680,
1967,1958349,search_range,30,100,20109109,20195809,721932927,800929411,402209163,411861279,
1285,1997936,search_range,25,88,20093476,20117000,138638494,799977726,385638845,476112029,
1391,1114308,search_range,16,120,20126607,20168857,126050169,728474817,394531547,425791181,
1332,2563769,search_range,50,86,20108744,20170160,725025515,823809101,396012974,467915112,
1120,39301,search_range,4,4,20071971,20190223,680338120,757561590,461951969,469307641,
1423,428572,search_range,6,38,20196704,20208224,589582747,810264817,430508731,440741971,
1805,383707,search_range,7,151,20096130,20136373,218741785,773180719,434175455,476136114,
1004,2873661,search_range,51,129,20126474,20173015,549220802,763393997,404201180,460918664,
1009,1414035,search_range,29,64,20095068,20112474,505320551,818311826,398692781,453713428,
1749,222257,search_range,9,73,20072606,20107231,698028044,780082244,436802048,473959016,
1125,10396,search_range,4,157,20123322,20189157,395317154,680971289,421847976,448756795,
1073,1141648,search_range,8,8,20095961,20107475,562048390,821148217,399464044,439170556,
1754,6927065,search_range,52,130,20073717,20190490,678607460,787931780,399244409,493756033,
1102,2103517,search_range,42,63,20118517,20141662,258193145,748296260,401428061,454944304,
1300,546445,search_range,30,135,20124281,20159009,367024667,741232971,388656915,416175265,
1004,82502,search_range,5,149,20174494,20187304,222964215,773602971,442078250,447743458,
1249,1729526,search_range,11,115,20206299,20210619,714895357,756856752,390736752,477131600,
1291,1363096,search_range,40,152,20076900,20117160,665132955,749959005,399358746,444075957,
1784,7015589,search_range,51,165,20094696,20187816,212215241,803656570,386341252,470633047,
1434,1709198,search_range,14,22,20179257,20209505,733075934,804272318,402558533,421792889,
1118,983207,search_range,21,53,20135129,20146526,681899931,773631003,397032116,452966126,
1905,201876,search_range,6,46,20208526,20210977,659383981,729544413,427648734,470297682,
1370,5128627,search_range,11,11,20172696,20203416,415233346,813807461,391092775,455675299,
1314,123,search_range,1,73,20150405,20174685,628608207,690461259,474011881,490078867,
1335,1248319,search_range,11,139,20169576,20177880,489171128,817504352,393827221,451523926,
1111,4080806,search_range,50,146,20082582,20140416,527524585,788695976,402470090,484291294,
1029,640527,search_range,32,165,20106544,20127456,673392360,737949440,393617375,472452080,
1253,107,search_range,1,172,20066471,20124319,453394438,701298341,475805913,489560553,
1954,1439886,search_range,10,82,20200287,20202451,693954673,743245306,412894504,494438533,
1726,4264481,search_range,49,103,20060698,20150938,617446561,780450436,387661829,437642654,
1796,1697682,search_range,15,167,20188102,20205352,737615192,791058615,386608957,476306045,
1644,21729,search_range,2,11,20172503,20187943,345134724,785820012,455792511,464380075,
1587,1467173,search_range,14,126,20126936,20139560,140113568,800051474,412053783,490062669,
1232,217591,search_range,5,37,20070377,20161845,318447114,705700569,412360106,438271172,
1014,2011793,search_range,16,64,20184475,20204440,588273887,760831699,412284478,442540522,
1691,389,search_range,1,136,20177573,20202713,668482088,809839604,474142845,482748463,
1222,4302417,search_range,51,93,20063054,20196290,622839223,750006715,410928465,454829395,
1154,2957004,search_range,28,56,20160281,20200937,610557414,745093998,405271925,442655285,
1737,2498381,search_range,11,11,20073985,20204249,107307991,798411198,401210728,410962688,
1729,2200281,search_range,27,55,20064182,20167026,625945336,782575126,421680982,467910586,
1771,1946504,search_range,15,135,20079995,20184875,574682366,717738840,395010021,436498141,
1744,2093747,search_range,38,157,20070278,20112524,505346795,801841229,402275768,474616688,
1844,2164676,search_range,40,96,20104972,20142114,669502053,826520903,403777519,427515719,
1256,3807978,search_range,52,82,20102052,20172928,675595165,794987575,404537728,437505138,
1202,4655958,search_range,52,76,20100149,20200013,578649790,757944472,409949533,449900884,
1200,907589,search_range,56,146,20081538,20146318,259281340,806009874,406451998,415679830,
1278,619,search_range,1,46,20160613,20173233,614976387,669928552,416431435,486385483,
1074,859951,search_range,12,100,20093079,20199297,641337196,757405912,433164040,462668866,
1390,3688125,search_range,50,98,20099877,20155487,580286086,822060098,404955170,461220266,
1001,3238045,search_range,38,73,20063905,20166945,113345024,762641042,413722738,464727286,
1357,4212037,search_range,56,122,20073765,20163036,641068762,796041802,401795567,435722733,
1333,107152,search_range,4,175,20130616,20138664,384159939,812253803,442350557,470540437,
1845,5476628,search_range,47,83,20063197,20196307,712591856,792017436,398588501,443652320,
1287,2467973,search_range,28,147,20088851,20143859,656237332,736583806,414017240,460609434,
1255,1753355,search_range,20,92,20136185,20196121,338205938,735469234,390136813,444433563,
1351,7339,search_range,3,120,20109539,20124773,659452978,826018454,471415533,475512750,
1103,1426177,search_range,20,60,20143545,20194215,151155158,800603563,402251769,411899625,
1118,1671,search_range,2,38,20067800,20153780,406766911,663577795,443453807,468328241,
1414,1659038,search_range,14,70,20142126,20207657,689055589,725487954,390072726,449834406,
1213,163,search_range,1,73,20088823,20149963,209061717,678354222,400602850,444760216,
1658,1871330,search_range,24,88,20112634,20166787,667182665,818024807,413996821,439416871,
1007,52104,search_range,4,58,20135489,20169518,602013631,706760770,457451238,490474502,
1232,5061792,search_range,57,99,20069085,20189802,409858534,771046076,408338953,489691177,
1837,7195629,search_range,45,63,20094309,20187749,566548745,807961415,388326773,493210136,
1453,291188,search_range,8,128,20068427,20146901,646454871,731203452,440327251,495810177,
1637,4085917,search_range,30,37,20070429,20175939,616823771,802090859,408974832,489754764,
