Idx,A1S,A1E,A2S,A2E,A3S,A3E,A4S,A4E
1,20,52,20145164,20191322,388520508,745532148,395248153,415944587
2,15,63,20149332,20174040,736190880,755909716,385609804,453482116
3,20,116,20188740,20206636,602691503,765156988,395347220,457377086
4,40,54,20086834,20161396,628794131,752388689,404613715,479907003
5,7,160,20158184,20200520,761065323,783181242,404341095,460974633
6,57,87,20076674,20150605,110271429,798559368,404026411,446643175
7,44,149,20114694,20143614,484490921,747211526,408547697,444620745
8,45,93,20114237,20152981,688561305,820162671,394793852,441565259
9,12,132,20143622,20153744,569228019,794951503,389249354,493256266
10,15,71,20135911,20147188,615006348,801818243,407342595,434758911
11,28,154,20150582,20183868,228199806,804455784,390671328,455506728
12,14,142,20157543,20184323,726441489,813116337,401241976,449986146
13,23,95,20174282,20203738,629708339,793769715,400652968,493826460
14,7,71,20209435,20210431,715291593,739190285,404871277,428336037
15,23,135,20063904,20174304,255569061,718941861,395368860,483226101
16,12,76,20081143,20133127,587037758,748073503,434116826,492268976
17,2,38,20184142,20198970,727814829,759905895,440686048,443588262
18,5,133,20192204,20209214,118694401,763175995,445857606,464363058
19,19,91,20089511,20156380,675610759,779074054,423835142,427579901
20,12,76,20191373,20206163,363060262,764026342,395684355,411141249
21,11,51,20108739,20190627,617203111,715114984,421100193,479322783
22,2,2,20111427,20126379,795781823,817233594,413692057,443455448
23,9,137,20113084,20186599,743251125,825631653,415970052,490454286
24,13,133,20120809,20152414,695745549,765265299,417643550,437915245
25,34,55,20102876,20156986,602038334,799873046,386239910,419987036
26,49,151,20119033,20160460,178582543,769164793,399987297,424673052
27,24,176,20073655,20108015,346906004,737209236,423582752,427340130
28,4,13,20065930,20080448,552383987,778304835,386184238,493103014
29,4,58,20131430,20203142,220340724,804062828,463641356,496975868
30,17,169,20142772,20163268,562383027,821164946,385349930,464716210
31,9,161,20084178,20090524,545090305,776846097,428711953,488227559
32,36,169,20085702,20186022,727851415,749238143,412048121,485727991
33,6,22,20103712,20168140,203138642,740038099,444351233,476978681
34,8,72,20143977,20164113,555978694,806904418,412137746,494400697
35,5,109,20191434,20210111,130545165,693937069,434967463,460472607
36,34,48,20080516,20106632,409980786,792304620,397808873,448269593
37,12,148,20179159,20193532,694332431,764558741,408864527,426837687
38,6,22,20151467,20166377,693098450,742688760,412143494,459766245
39,50,62,20066307,20145947,625876578,772112514,389638712,455093672
40,18,138,20198202,20206587,728074417,797436333,403823544,456022273
41,18,34,20121161,20139149,238115374,804951570,408163485,453446905
42,13,29,20091015,20193083,272561204,722340276,417427342,482469726
43,10,50,20102453,20173069,495205275,766869099,435856755,473580891
44,3,48,20183707,20196037,734511071,814730255,446028336,456568732
45,14,142,20103738,20125210,710116101,784917477,415682794,494577938
46,10,98,20079447,20197941,779705430,809999221,419900279,486905813
47,13,133,20154925,20197060,419390680,772475903,410938924,428497204
48,5,85,20094216,20123436,286121594,752485535,437371252,461914876
49,6,62,20096873,20205382,511245263,673015153,395762783,467840061
50,37,170,20118846,20155750,365957211,787902267,399498640,424306560
51,15,103,20169559,20186175,469923615,816541983,406550407,443422375
52,44,114,20070362,20140732,517790214,755536344,388044890,465524698
53,12,44,20172591,20195691,586701036,747955649,393609071,425145449
54,26,47,20126588,20173074,438001922,795106748,407273785,448429228
55,20,156,20183080,20209699,550458301,792136047,391569121,466581961
56,19,67,20187273,20201565,562185513,753005191,403232479,470080967
57,17,81,20085094,20192194,438278555,735658430,436421801,480037765
58,6,6,20183810,20209745,155367572,698901556,406780530,484937860
59,38,171,20116240,20163670,715726209,745490919,397655664,468407926
60,58,142,20102858,20194862,335819407,809836765,398932057,438851361
61,18,58,20075052,20197488,774479278,828754480,388996617,427403412
62,12,76,20110916,20140970,372689484,788575488,419218761,435121073
63,44,156,20065598,20174723,250684200,776374974,408384141,412901450
64,8,144,20131730,20159513,688941419,805616331,418045069,442250647
65,13,109,20079358,20125467,708190085,784147061,432797436,488840384
66,41,90,20060805,20113410,277010214,779007570,391438577,418261512
67,57,123,20076596,20170746,368503372,741528716,405032164,423771796
68,5,101,20150705,20186945,566839383,700812213,434315826,489068151
69,51,165,20066032,20145815,558905251,793403081,391969134,456025842
70,50,68,20110216,20185876,714884755,750854845,393717258,482978359
71,43,92,20078608,20138233,539692173,790521121,397932367,428171755
72,56,170,20066308,20174908,582455187,784319075,392840519,493435829
73,32,130,20077326,20097393,229737552,774280302,390749388,455537952
74,39,74,20068944,20203996,718042456,823110796,413998779,469074280
75,48,96,20086504,20179954,637980763,805264401,409679272,476467552
76,27,146,20082534,20101818,293653001,780671855,417534029,454072364
77,45,147,20124735,20150643,646289662,749962132,391653927,471961227
78,59,137,20074280,20156372,144078651,765714411,393511542,472425627
79,22,134,20150158,20180628,623598938,824225752,397025632,473304142
80,10,130,20068319,20189682,663775970,740730056,433384595,439919167
81,47,95,20087915,20204936,493100432,749363897,410693947,463515775
82,18,82,20111278,20131242,280037894,807047696,414146388,431063176
83,8,56,20082760,20191849,799588706,820706510,407051353,457474781
84,10,82,20131723,20179351,153756118,766682164,421269463,475492065
85,17,129,20198685,20203032,689924204,791326792,406850727,425226647
86,11,59,20065123,20130814,454960277,815793818,440897043,490055331
87,18,122,20131036,20167063,665395722,792437727,412186775,455458545
88,41,90,20099233,20143977,410972296,813594418,409543273,467514849
89,58,100,20100759,20194548,205701656,740422546,387221231,431824871
90,40,117,20105892,20142712,248925226,776199064,385747984,413993569
91,1,37,20196375,20207415,242484202,745939933,473722893,497479942
92,27,146,20085638,20148368,326513146,733130666,418034009,426103641
93,2,2,20127027,20131231,652955363,689321299,403605014,470192724
94,49,133,20101456,20189168,678038763,826947729,396307921,462882481
95,28,84,20116070,20192102,677800759,756292909,411623739,463887687
96,38,108,20140342,20207564,443586268,776105231,403567227,451148777
97,16,160,20193495,20205815,222040479,804147830,408898800,480764016
98,11,131,20068397,20161152,280885747,807090082,439249272,492782208
99,9,57,20062853,20151797,802442836,813762613,405881596,461590828
100,22,54,20131344,20167236,530855809,773999201,397146642,422542562
101,3,57,20094406,20117746,572042168,690276464,390083593,444406953
102,12,84,20061855,20196171,768274273,801529663,423486517,446059657
103,22,126,20100772,20200060,154841637,800787886,423040131,483592291
104,21,101,20192178,20205422,467953381,743077141,398121307,473578072
105,6,126,20158716,20200620,305815506,702542661,445260911,458628266
106,37,114,20067315,20160772,738998502,810838422,410782555,476743375
107,14,118,20198825,20204965,404259266,813258757,411918534,481367958
108,52,118,20089051,20168377,551921652,764069202,384499551,418768785
109,30,163,20135203,20176948,521617493,772151541,397826475,493685123
110,31,122,20092705,20199265,528958827,819493736,414772452,439959810
111,47,65,20104577,20163163,718244603,753206735,408012700,462443272
112,18,90,20125420,20168260,558776807,793383811,414039983,486026772
113,10,26,20117307,20150137,218616631,803976630,428813024,488242729
114,32,81,20098126,20132020,560637502,738833416,400198391,449464361
115,51,69,20091592,20163292,683869068,789510254,397015810,437701618
116,15,39,20179825,20201721,696357127,793256671,411273412,446256172
117,52,112,20082923,20147013,719985334,811825110,407147111,480413687
118,15,63,20159910,20205990,574696906,730749790,406755104,452742714
119,21,69,20063087,20166701,738909534,815609950,416099275,494598763
120,32,67,20108578,20123956,493853983,800691937,411635911,459537842
121,17,81,20080028,20106244,740407283,782877275,407512062,475925757
122,37,58,20085009,20110229,530345134,789119066,393421635,430279673
123,8,16,20085240,20116705,781183558,799944083,410020391,454375361
124,58,124,20087128,20155317,720824304,749314489,396788586,457953630
125,5,53,20190135,20197471,260828530,662598094,438413477,474603581
126,7,71,20089952,20120237,638512362,726835077,426290989,455266725
127,38,164,20123576,20162960,621606517,792149349,397115038,493649554
128,9,49,20098176,20143344,518259133,771479869,433266872,488910796
129,52,70,20095476,20159067,436743525,775078817,387057490,476395762
130,44,65,20086244,20179889,739012003,829996391,386243966,464984418
131,48,138,20086457,20192401,599129792,752305711,387102339,437334930
132,23,143,20091748,20121588,653567597,798541565,399143822,414081797
133,12,28,20100289,20177863,486036857,799910237,424217195,457748099
134,48,72,20110334,20185904,576956455,809002195,400392147,439727419
135,43,92,20116691,20168611,684467317,767142074,393026028,482874683
136,51,123,20075588,20156900,616169619,791061971,401789061,440565565
137,15,167,20125592,20176892,166457587,801368674,417436031,454018466
138,16,80,20100561,20161358,482333912,764294824,419795156,478996526
139,11,43,20138446,20142079,263756549,777682199,411709775,468273126
140,16,32,20119108,20146708,701265796,794729278,417865027,486600532
141,11,91,20140371,20158051,514250302,818758324,413143256,425981315
142,21,29,20088551,20094678,738732207,791561269,411977972,438003674
143,11,35,20105476,20200534,576933297,718751765,398120427,448425377
144,40,103,20115815,20168219,692006473,784812550,400292693,424902098
145,12,76,20083386,20166404,719755184,754264142,433585733,453129107
146,12,164,20145810,20207845,700546844,828073134,418431967,434491639
147,20,68,20146896,20172576,450246808,796331224,405917489,470886477
148,24,56,20168043,20202491,528306279,773489303,407021756,439119752
149,6,142,20125200,20146675,646840509,825387822,437062292,492563510
150,24,80,20128429,20206975,97671983,761073737,412795697,425685890
151,23,175,20080756,20113341,698362888,807500616,423966067,491253901
152,9,121,20107865,20169809,760456890,790188154,395304765,467702657
153,31,66,20069913,20168739,275965339,778903087,411711289,416062241
154,6,134,20193065,20202987,679990307,757387677,437164127,477182157
155,46,76,20073217,20162839,652133811,743459431,400207237,479025701
156,55,127,20066216,20196608,699397885,746783391,397059747,442811508
157,42,98,20110066,20175742,372891414,788595690,411344554,424452418
158,30,86,20127272,20173373,488319930,748168770,407037940,471222606
159,58,112,20098163,20177221,468914422,798197998,406645101,484917538
160,11,115,20127280,20139853,246967944,805394189,406317186,415558500
161,14,38,20162900,20189410,148775942,800484606,396600536,452771915
162,3,30,20199505,20204145,727504671,781144861,446770733,454564670
163,29,64,20131952,20163608,425023548,752832748,396383111,473143526
164,5,5,20108352,20139174,716588507,740227815,428232399,445856879
165,26,40,20088508,20131418,622119572,739085586,417235488,449833424
166,6,14,20156550,20167462,619332069,824012400,417885041,450223153
167,31,115,20172303,20207223,143470074,800219305,397712745,468425051
168,8,120,20133545,20164569,631042094,773662166,418107040,454387516
169,50,62,20079841,20165160,684885193,744845137,390085175,428110974
170,36,99,20119880,20147246,514060715,770640187,398374489,468623577
171,38,129,20111497,20181217,514419551,754693676,395104144,457279852
172,21,117,20119767,20147169,731845051,783315051,411618679,450818917
173,14,70,20145776,20165372,663375804,791932734,387694060,487626694
174,4,58,20189423,20205683,801898021,808475429,412538059,468563028
175,12,36,20150245,20174589,629796342,804036754,408888045,489746097
176,47,65,20108759,20200865,237237398,804907675,411038344,454884334
177,12,20,20067560,20182392,160379031,733624148,424908587,476583805
178,28,35,20127344,20194352,613887969,790605633,397315756,478447404
179,26,138,20067207,20139157,422820221,814186819,421699520,456363380
180,41,139,20060682,20143413,674672118,762734235,412208008,459795284
181,55,169,20097547,20171361,567319678,794665251,397549261,483553162
182,14,142,20065722,20182026,726923626,807819691,432880693,488852870
183,40,124,20130385,20162673,655172816,780901384,401381481,445188459
184,9,17,20103393,20205708,304440899,755233435,440659890,481309198
185,38,143,20097614,20137332,716488807,740148055,403517810,432081566
186,30,135,20075888,20163781,361769702,811134294,416786633,437272553
187,7,55,20137975,20192815,526059903,803912529,439600022,466208657
188,8,8,20065394,20145529,623196020,760728896,396147217,406405527
189,42,126,20115443,20153707,702586431,762075810,400475902,425039507
190,28,35,20123805,20206740,620826610,759899596,391543887,477293039
191,10,98,20181118,20202104,593093781,726023985,403458340,493966721
192,5,117,20067882,20153814,491225710,697361314,430572537,454427760
193,48,108,20090071,20162683,291879576,807639782,398341405,448535865
194,50,74,20082328,20198230,695631255,779123535,408041873,494195891
195,28,119,20086384,20167452,645889911,730892724,402686809,436302041
196,2,128,20187595,20192295,685146642,774929694,458322765,472465411
197,37,156,20094348,20181918,352371699,762423055,410413656,414829489
198,12,164,20092478,20193305,730445202,829568069,427533413,452452328
199,20,76,20081422,20165714,133091850,729531070,425045833,465572297
200,51,147,20078416,20184560,431227676,774251449,391767695,482685922
201,9,105,20099626,20183236,671138020,720232132,392823044,424595228
202,40,117,20110705,20201065,620249897,759697751,409926138,414366347
203,14,134,20125757,20176961,638503643,785714693,421663292,494876961
204,27,76,20130793,20146853,438785323,795185071,407517656,425760188
205,6,110,20192735,20200997,549965159,792062074,436583945,467657135
206,36,127,20117317,20173585,736712149,756326729,389427846,471404706
207,44,163,20108493,20154663,97392017,797915405,401094526,415739896
208,11,155,20085082,20173296,690269402,748075666,441765825,458855175
209,35,161,20128121,20161313,265515571,777858103,388901157,449307195
210,18,154,20068374,20196822,614809578,779791188,424313585,431755259
211,34,139,20120877,20165987,651811766,789041726,405623914,419589874
212,38,45,20068556,20203969,658706974,817177246,410635465,432659180
213,3,102,20131245,20159196,509597571,802266303,470520596,497319830
214,33,96,20071583,20162271,171274519,801609532,395391053,410891942
215,17,33,20135548,20165772,497592956,801065846,402844342,484347425
216,33,68,20127028,20194292,702075556,814878631,408503181,462639465
217,54,138,20109383,20155157,649458060,788453310,399449055,454053748
218,22,150,20067784,20110780,726089070,736958668,403549534,446380885
219,18,74,20195360,20207952,716628310,763891006,384667135,435995566
220,17,89,20168418,20194026,533561320,819723873,384543388,475892940
221,50,74,20099611,20183221,660826729,782597553,389576152,471441772
222,4,49,20149228,20186356,443665202,697893111,443786141,446533350
223,56,104,20098822,20154962,394503874,790756936,394062001,441162745
224,12,124,20080012,20158660,633245592,734015322,440745313,472637063
225,30,128,20145132,20207794,691171539,791701003,394243474,467384262
226,52,76,20080211,20145651,295868944,780893434,395147275,483192859
227,56,98,20079342,20151810,583774354,797133449,387643051,443186691
228,33,138,20160405,20203500,646664044,787754794,395819875,457566139
229,20,124,20109217,20165251,687176684,731459192,416002090,449093386
230,55,145,20073336,20169768,158427964,800967190,395946162,483312698
231,14,166,20086749,20092967,200855635,803088584,427865685,456211541
232,25,151,20120290,20129372,147578905,800424738,399623715,493774985
233,48,144,20089997,20168712,738672237,801145570,386591559,425840125
234,15,15,20087144,20149124,214302499,772736803,405376929,424047609
235,40,110,20129382,20186586,481556034,799462152,401055874,454776816
236,35,42,20063535,20174205,710170614,766247112,389668721,487824161
237,10,90,20076157,20082904,385446315,767384244,409648237,485368005
238,7,15,20110444,20140642,604680233,788764089,431328306,468399417
239,47,155,20108084,20195651,711242228,791545061,410438057,463413413
240,8,56,20190731,20199893,691179263,748621575,400338237,454453881
241,11,59,20154257,20188361,652711180,798370284,421173372,494852465
242,18,130,20086802,20198672,433619631,814726780,417144772,421224049
243,24,72,20131006,20199091,178895078,769196060,412213144,429516580
244,12,68,20171791,20205196,643554577,748731341,401044815,410813365
245,32,88,20104064,20125472,252272085,776533749,406148637,420035889
246,12,20,20060737,20135917,663280259,714731699,392702282,429812096
247,39,172,20127409,20185999,147494166,766055958,406638051,443474963
248,6,78,20169427,20192351,405103771,662912539,430147603,464438963
249,57,147,20108669,20144523,409746263,749777287,386469824,481891249
250,15,71,20064648,20203785,471017778,743843238,439636837,478047599
251,57,69,20105701,20179481,547616049,806068149,408500658,480684386
252,46,124,20137983,20203791,225915756,804341591,407863906,471470400
253,50,68,20071326,20169172,491574638,766142974,391034862,461036911
254,22,94,20192232,20209206,382809882,766988785,405115483,442561419
255,17,137,20111150,20156132,580867666,809393308,421106787,487086796
256,47,155,20118304,20197184,515205546,818806071,398004608,413113466
257,6,150,20209777,20210305,567126041,821402110,414617824,423029074
258,8,96,20064961,20181873,751176778,788800504,430773991,478343429
259,23,111,20124881,20172302,439597785,735988230,410852269,472366911
260,14,166,20086074,20179839,572556053,808562153,389805255,400697761
261,8,24,20117819,20155131,372231695,811657387,429890384,443658372
262,30,93,20092758,20205181,662532068,791721803,388146130,410262970
263,1,55,20068957,20140027,239437423,656180757,398177131,463536711
264,7,95,20190793,20199928,733688907,824675433,396819982,468157220
265,27,125,20163765,20208738,488364578,800143010,405141181,461294665
266,26,68,20169858,20206974,554001048,820745848,405866938,447655459
267,19,43,20142526,20183674,206932619,740607193,399908216,483907001
268,12,148,20067290,20110436,157020266,800896807,431280826,475123001
269,24,168,20182963,20206882,603121163,823201849,397823665,448276995
270,38,80,20102032,20156562,373957164,765660862,397590252,443103279
271,6,142,20201129,20204622,192546169,802673105,413516284,451862602
272,24,64,20071929,20197191,740611057,830076357,396389767,411740851
273,20,148,20199250,20203994,709435003,815982537,406409031,424873291
274,21,117,20152422,20184696,592308900,798413636,401014309,493844528
275,6,38,20179912,20195502,446957579,679654067,416120040,457425180
276,6,110,20187171,20203915,107944371,689416915,436346452,483134347
277,13,93,20083721,20128304,684507084,767159962,426923721,480778671
278,15,159,20152367,20208170,480764622,763980974,414099787,426794368
279,17,145,20160805,20190985,635827311,775097729,398279597,453527493
280,39,53,20077497,20197737,492124922,783386041,405500261,433469279
281,3,174,20122376,20144556,184407349,672190624,443562746,479421673
282,4,139,20075607,20123032,178298025,703487641,413642517,443423247
283,49,97,20061447,20188658,559609634,765991199,386723385,442726855
284,40,117,20123213,20189123,320761783,783382717,396707314,452819964
285,21,37,20126343,20134819,166878811,801389739,400305600,488887848
286,48,126,20108086,20205955,666821207,817988663,387924052,443327182
287,45,75,20097760,20182765,692321222,763553142,384692866,447413469
288,33,117,20068636,20139866,324944382,732816926,396061975,457662979
289,39,67,20117089,20154697,369716933,788278241,410201787,458892484
290,23,63,20195683,20204935,681383275,765754254,405307469,423992041
291,7,151,20136420,20143888,542509211,732488507,400238659,488881153
292,13,141,20193259,20204855,675283843,763009503,410978831,432916706
293,10,146,20085882,20198580,800179370,829594198,384701227,493028872
294,9,121,20125745,20206837,493500952,715335617,426302314,469759114
295,54,138,20089354,20156311,651495676,807291649,408315440,485168088
296,27,83,20160122,20200906,719687452,794500892,404154327,475086327
297,11,123,20082605,20185405,783017497,811489655,424998880,439745168
298,32,46,20113060,20152276,541077024,820099643,390030111,433510199
299,5,13,20146284,20175453,668298009,726568473,439829066,475169822
300,13,157,20147883,20195298,668239499,826457781,412144171,446778635
301,12,68,20150751,20171870,553152072,820703403,403106209,417449827
302,25,151,20104804,20120749,194537169,802772655,389605556,471449126
303,24,160,20177432,20207726,178173443,769123883,394333679,462191495
304,12,84,20176363,20198944,737694491,800803355,406629129,480310089
305,10,58,20132558,20171828,671463224,761290225,420014009,443628905
306,7,87,20132404,20159949,682764863,819583025,392484888,403109432
307,52,148,20071150,20176120,523797751,788136956,407444545,494166036
308,11,75,20073197,20155937,305358373,755371051,437780453,471302876
309,25,123,20117832,20187777,361362953,811113948,415756744,461392213
310,14,14,20097990,20182830,333395291,809715563,384835018,464561728
311,14,62,20099857,20177725,435421158,734944083,418089473,426153557
312,10,74,20103095,20140895,562489888,780326016,429689208,478017992
313,26,131,20110512,20185947,638107165,815117257,415296095,452841494
314,42,84,20128575,20198717,718967193,823203267,409157077,467379683
315,16,152,20079896,20158616,596674985,775257530,428859193,446326973
316,11,99,20129829,20162341,221167640,773423318,423656313,461193313
317,5,61,20172385,20185937,729341143,734613338,415302662,477873407
318,56,146,20095146,20153126,530325600,819562087,385961068,436707235
319,32,165,20104700,20163220,678133232,764291733,389523396,411364780
320,9,137,20169677,20173819,725752974,796623826,399342829,434128454
321,10,34,20062599,20092299,683483908,766699535,434558019,466644169
322,36,113,20109298,20155108,737041018,746815422,399648535,424418980
323,55,109,20101152,20205595,717004779,752338863,406533560,438802426
324,12,156,20124479,20163458,661241102,808753468,422145126,491071806
325,22,158,20162153,20198858,501699405,818130763,401157643,484094421
326,23,95,20135221,20165573,559294559,793461484,410343742,476633677
327,43,120,20140666,20200540,670822330,818388778,404450316,451590316
328,39,88,20113986,20181970,577548832,783337808,396254012,473111237
329,4,175,20080876,20119942,795468009,813160677,427145308,470096320
330,33,54,20119187,20155955,359299648,811010778,400248747,439641379
331,41,167,20076467,20116859,724753594,796274043,384872138,464572864
332,49,151,20060754,20143441,719540851,765638531,402692024,436305429
333,21,77,20128985,20137197,487024504,817397017,393821643,435785115
334,13,29,20097359,20176977,776978382,811662390,398738748,463733275
335,8,24,20152586,20173068,738905485,753287419,390294560,422825288
336,21,109,20130362,20170732,707099749,828400784,413781232,468998134
337,6,30,20145759,20152293,377071388,789013682,425759711,491433269
338,25,116,20090130,20199012,221972041,804144410,426736170,459133542
339,9,57,20104235,20130950,739440724,820483396,411142410,433039390
340,42,126,20104940,20163328,601251276,764724922,408695649,422200851
341,6,62,20210860,20210956,619049901,726917481,406218383,443223159
342,12,92,20200265,20207853,327305069,809411050,411574363,433363353
343,48,144,20068876,20168430,568498816,794842120,393264914,451270884
344,16,16,20061260,20196116,195538749,802822734,394624624,483114469
345,11,139,20210413,20210923,661971167,808862965,401549002,493871256
346,55,109,20099268,20188740,477316494,781164770,410208510,476599875
347,8,152,20118963,20183461,518598575,818975731,436772280,492534516
348,9,89,20194321,20208584,705104016,731040224,397646748,493676149
349,18,170,20127032,20156453,362539089,763948155,407042106,411626517
350,54,126,20091275,20151185,689812121,740552650,404463394,432743470
351,4,76,20140168,20161450,241772513,775483799,454681007,463490871
352,18,90,20067872,20175287,459895025,759807041,434392873,447260361
353,3,102,20139424,20196768,596192646,775136946,471555275,486501547
354,45,105,20110908,20201088,544915400,747824162,393397975,477663847
355,11,19,20072710,20197270,735465426,819887103,430572042,474874924
356,18,122,20125311,20176779,521618029,819126698,415000208,494543822
357,33,82,20127729,20148574,698698724,793959148,394493678,457035662
358,10,154,20191211,20210097,672254498,818532002,423402871,449767482
359,9,89,20110217,20150569,436303451,755088731,427080864,480817959
360,57,135,20061158,20158619,701365017,828114055,395072852,488364566
361,6,86,20173772,20205494,660447376,712748680,448797962,491240468
362,43,78,20120442,20202036,506895256,818390566,406425440,457193124
363,16,80,20064896,20137996,506601347,769148307,431338395,454925567
364,8,56,20120157,20138345,121336331,763440179,432073813,478733363
365,1,73,20067786,20074952,784008044,806857694,419000953,430960357
366,40,82,20100360,20205563,675634737,739294865,409331174,462970658
367,1,163,20083798,20128353,666732779,750758919,475590705,486003534
368,57,153,20090720,20181005,661286121,817435167,407004882,494144050
369,20,100,20176371,20202411,686631172,827377358,407970321,412508321
370,50,80,20110442,20201036,663903757,774976602,397027359,488560023
371,5,125,20110781,20125829,637091252,755707532,441742281,481633909
372,2,110,20116127,20135123,410007013,664873837,393833257,477750905
373,55,163,20073113,20204194,714157572,774471312,390763520,439348580
374,27,146,20110470,20145694,553721841,736412934,408557707,426592231
375,16,120,20193302,20203982,721142577,823420809,400760313,425252813
376,52,148,20079871,20171725,414247219,813758167,388826820,432788220
377,54,126,20077267,20150879,640868537,796001753,410207995,481025851
378,52,130,20129521,20207022,501074617,768042969,402860710,465175963
379,2,164,20207313,20210526,760573900,831074502,434210394,495504318
380,31,157,20137671,20200078,419667596,814029183,393600664,435652528
381,48,84,20079426,20191354,392388919,790545445,399356522,463949492
382,21,37,20116368,20187423,721610457,755562837,412048786,446721402
383,52,124,20090536,20193012,676753028,803178644,387210334,476426318
384,3,174,20138848,20167752,568086162,808115172,470112642,474405294
385,20,148,20061555,20166233,481035073,799410055,425270411,450981383
386,2,137,20168129,20198215,413221297,687237741,465039661,471777793
387,10,130,20078458,20124882,678649037,741103445,436392474,467561394
388,20,76,20119006,20188081,536493352,804955882,415764101,453098900
389,37,128,20100245,20139046,714922567,744888187,409457514,445166634
390,52,154,20081600,20165775,416036492,751035340,397743284,417940692
391,51,117,20086662,20167548,419115818,772434672,406567619,475689644
392,56,122,20085896,20179796,716248951,769590196,396724973,452827910
393,38,108,20077726,20117740,704718181,789261653,410223163,454476743
394,33,96,20139788,20164750,681318465,781071742,394445614,477873374
395,22,126,20119597,20183647,166993618,734616342,410020408,427762392
396,52,94,20102223,20205659,660954958,782636028,404028042,422968498
397,31,157,20131508,20191208,712308353,804165878,398608753,438657377
398,42,84,20127768,20194440,328317842,758814979,400517003,449623663
399,6,22,20185546,20191936,381698692,744167780,447960474,493653330
400,26,68,20078712,20138283,715912689,822897813,416434149,432893385
401,1,64,20139132,20207494,588949226,699575345,407817736,416908994
402,7,39,20136585,20181297,521011972,756341782,437324114,489519384
403,28,35,20122649,20184571,471692889,798475833,391648437,450543471
404,31,52,20099373,20138475,553514850,750403990,387425430,415251655
405,9,33,20069187,20083379,717573605,817203329,408159020,435330410
406,10,34,20138595,20203845,702004939,728560963,423747484,457489762
407,26,110,20186634,20203756,714096272,828750613,392425286,419001546
408,37,121,20071268,20162164,699147809,821221325,412346613,455538463
409,10,146,20161563,20181379,622022597,760318196,414788810,448365418
410,9,153,20150419,20156487,609011826,800919063,391663990,482670379
411,31,143,20097754,20126089,368518677,764845100,389511942,427738375
412,9,153,20089148,20113540,549641060,734984660,439873903,445759545
413,11,115,20139868,20189736,609527626,722156336,393153762,456499698
414,55,157,20105028,20205804,737022489,805456281,384571138,418818892
415,44,114,20117368,20150177,632334578,794294962,408361761,489693465
416,7,63,20100390,20144678,667234468,809652461,435405274,479732802
417,10,106,20145273,20158437,678843263,819190865,398787788,473744693
418,42,161,20120954,20143489,317144938,757139040,393473788,477679020
419,4,166,20136413,20196157,707286619,796535527,448671750,461186395
420,49,115,20074960,20149837,380116495,766584771,410789624,463554044
421,13,117,20089041,20131762,538184890,745805002,441651199,490168451
422,4,31,20110589,20191005,133570303,694542095,465759675,492136187
423,14,54,20170905,20193015,664124572,740921788,397883259,483603260
424,18,130,20154105,20188305,542963838,761829753,394085158,435943222
425,58,148,20095249,20205316,551924625,764069940,388145242,415791512
426,50,152,20101778,20194700,689648802,827528249,402416992,469836316
427,16,168,20161983,20186543,648217385,797471513,393025569,472304139
428,48,72,20107018,20200690,216768958,742082643,403046591,412614965
429,30,37,20119612,20206518,555343284,750952516,408801892,471751786
430,16,136,20076963,20184275,200213134,739599266,430292732,461089643
431,12,36,20136965,20151793,683933538,781987026,413512252,447599476
432,8,128,20153757,20173826,648699792,732438159,409493495,458573746
433,17,65,20070209,20197019,437377574,715562810,416531567,478180637
434,22,158,20129875,20198912,437685155,795075065,394556531,410182601
435,37,121,20128450,20153248,701546044,794813344,401995927,445526407
436,12,132,20164732,20185594,410288137,813560211,407031268,420786127
437,4,166,20063632,20181600,802312595,807183464,414910777,477775432
438,22,150,20131483,20167312,552081698,820649890,391152703,412668227
439,42,147,20105203,20163448,134609104,764767450,404634163,428158203
440,34,55,20092510,20163670,732563278,809229613,387794084,443262204
441,9,9,20108486,20139272,482143473,746624658,396680941,427295755
442,8,144,20155269,20208317,642769572,748378086,431383467,495362984
443,17,113,20088553,20186585,730288658,813885778,419902699,479023414
444,37,86,20119576,20174488,462019402,760231930,399678577,473967382
445,47,137,20129451,20207009,230076017,774314153,385297887,459028973
446,43,155,20102655,20156875,722703830,767536318,386797733,453957281
447,22,70,20143337,20190769,189805164,802536050,409234679,494255537
448,53,119,20101633,20205620,714995045,822806045,392332853,461491202
449,7,55,20184538,20197818,123763508,728131817,407277337,448431178
450,1,100,20128641,20206978,386315526,655397238,391029230,455649890
451,29,141,20105952,20121723,306032219,808347417,396711134,473225519
452,32,46,20116581,20187471,111632768,762469820,389016538,465816184
453,52,112,20065924,20145773,565758761,794431116,393961826,425392376
454,45,69,20102295,20167575,260672079,748668112,384660979,418881781
455,25,81,20139776,20157606,416198325,792926373,404059601,460862033
456,22,62,20124566,20133220,470701116,743764071,406146136,470955062
457,57,69,20061827,20181251,163770182,767683574,384942884,464594092
458,26,131,20175739,20202259,670620314,769119158,395041098,420963403
459,49,115,20097735,20188423,644258518,739521788,403177905,450954115
460,16,88,20192326,20202655,736257282,795373950,395284376,478041128
461,34,55,20093891,20199371,611550998,801299949,410324335,454527325
462,25,39,20123887,20158775,392017620,790508316,407406015,425670875
463,49,97,20100198,20166738,709324953,765781998,395761169,452394207
464,37,114,20131554,20203140,276044587,778911001,384526330,430207930
465,12,36,20086694,20161334,388257395,812458672,440349562,452025714
466,49,103,20084442,20173104,724959429,741433272,399235619,429084029
467,12,92,20078142,20124678,413435368,813717564,435444503,467087413
468,5,117,20188124,20196167,527421138,681103098,397348377,488592123
469,22,86,20117603,20136303,602119646,776618696,412816356,434294846
470,45,75,20120824,20165964,520629882,819077303,400133718,479010998
471,44,121,20079999,20138994,709485137,759605105,402249636,493906282
472,56,98,20068487,20168321,476284434,745159899,395001511,467611685
473,42,98,20119191,20151356,395297671,746887575,401863962,416393916
474,36,127,20133748,20195636,444478999,815269756,402330934,455350593
475,13,85,20097653,20103325,666708816,801169808,403949625,479774185
476,19,51,20151168,20181138,595261017,786880249,407504386,485046435
477,20,84,20090769,20114837,673283310,826709963,410903818,467991043
478,15,31,20084644,20179489,305056298,808298620,435252853,486034821
479,37,107,20085772,20123368,598761771,740375739,385525757,470429177
480,3,93,20061779,20128973,684528620,714579908,470819503,495939241
481,32,74,20122947,20175843,648970224,825494303,385532175,470430780
482,11,19,20063258,20137178,330627216,784369272,431961726,468684456
483,47,131,20064682,20137892,624919523,824291767,402689366,450709846
484,15,71,20100412,20117014,693890881,750248553,397616687,433006461
485,41,55,20080935,20172047,623378722,803074111,390885551,487945853
486,9,41,20107206,20143571,787844912,808967975,399865595,444354719
487,28,84,20147927,20201630,377485262,743325102,397988054,468507636
488,6,62,20174699,20200179,563772099,672177283,434625501,482704116
489,48,84,20107193,20164338,429524113,794258959,403985037,465569469
490,38,136,20067225,20096001,704698665,769741855,399289763,449010043
491,10,26,20133298,20199428,696573992,717305651,398147902,488672080
492,46,64,20104871,20189847,195489057,802820257,388142607,415789537
493,7,47,20063040,20203697,752053146,801692286,425739282,429388834
494,13,133,20175581,20193341,426921653,773605543,408379327,494212777
495,9,33,20189627,20191775,644616223,777734397,403825471,418061200
496,14,94,20133129,20176018,480379855,728463495,394485065,441395432
497,15,47,20083116,20121510,794907514,828803423,403156837,489172969
498,10,106,20103674,20168126,777952467,820576902,387592549,420933883
499,19,171,20124936,20202480,447009830,815396289,418879765,458805045
500,11,59,20104610,20147210,164648695,767771419,425444601,495066035
501,10,50,20165990,20177270,610740118,778773823,403710984,470224522
502,8,80,20148026,20166950,697249724,731633554,393189390,445959860
503,22,150,20165912,20204315,552778728,820684732,410367256,476639551
504,26,117,20131201,20191126,145798531,765886399,410686468,450306205
505,53,83,20082831,20198265,119487042,799020161,407007406,484971888
506,19,147,20067952,20203935,712224142,804144832,425226527,473003997
507,20,20,20088292,20180392,670346451,752565751,394347688,430881612
508,12,60,20101716,20183751,457214993,740392538,420800130,451972210
509,33,82,20169492,20204852,474345112,816763055,399645433,454142117
510,45,117,20072837,20121228,461998881,760227825,392102224,434753464
511,40,96,20118765,20201871,649640778,742212918,411653788,468253539
512,10,130,20115107,20158307,505041981,768836445,428902324,453342124
513,17,105,20192279,20206394,399835394,769542605,402979547,479580171
514,30,44,20117851,20141161,356523742,763045864,398912308,468784922
515,56,74,20078855,20151587,251430795,747281916,402721645,436324683
516,34,160,20161611,20206143,452159693,796522517,395988457,483319038
517,5,157,20079020,20164872,192796500,706387348,446596907,457023591
518,20,156,20169183,20204815,606938928,789215824,411429352,420159448
519,57,165,20121686,20202164,177499676,801920787,402634080,493925508
520,13,85,20082915,20121369,288182828,780124826,429769480,443561648
521,43,169,20110242,20170758,726720286,791559142,401275701,459748473
522,36,64,20112567,20171691,682100388,743174252,393987656,456833252
523,14,86,20144643,20167904,720825529,783503265,385124824,493050049
524,5,5,20077997,20117927,363102079,764032612,441684974,481616712
525,15,15,20088527,20162075,726532872,786071571,402985402,436496124
526,46,64,20120538,20174874,612959051,757145951,392572658,466883020
527,27,118,20127325,20148270,714719787,816775258,384570117,447358227
528,20,60,20156366,20194684,569654927,795015529,387603131,487617611
529,48,150,20062615,20136855,233129322,744536701,401353405,493861479
530,33,89,20105186,20136962,581412359,758773249,393970004,462064212
531,49,109,20108686,20144533,718972159,776878609,398370431,458586371
532,21,125,20069862,20147544,629581666,804004539,427245588,480859143
533,4,103,20062630,20181414,656181528,691902232,459238700,471086186
534,15,39,20130687,20174918,594971790,726869083,396490187,447610257
535,9,161,20123766,20154335,687372401,783190630,416868739,420961818
536,29,64,20088625,20125369,217936552,803942627,410008153,414444261
537,19,83,20167247,20200142,715117953,780934858,386931521,465190681
538,55,157,20102137,20189305,729814733,787548409,401609827,469594177
539,7,151,20145291,20155161,578388084,821965196,414250766,448042590
540,15,159,20067697,20182417,273211900,806706402,436678194,445986012
541,55,127,20063027,20151875,301176128,808104602,401907543,484206906
542,38,129,20089400,20198930,326496553,783956203,413825468,494485085
543,27,146,20075066,20122680,467558361,724617051,406724159,434326007
544,14,70,20175536,20205762,675040512,810823371,412905918,460109338
545,6,30,20086317,20167424,638722371,766163113,445058175,450425389
546,19,99,20088415,20204961,223945063,743159046,427106825,448593875
547,35,70,20064136,20108224,342516102,785558166,388104190,437885953
548,9,65,20199690,20204258,126398068,728527001,400228777,469179855
549,6,46,20151101,20193101,543677816,689231436,415280041,494557807
550,17,129,20138827,20189423,637322260,736053660,402389841,465011153
551,25,158,20099113,20205494,401238547,791430397,415684961,477968981
552,28,84,20139639,20182515,693429312,778242756,393451440,477674544
553,10,162,20112269,20151805,748330410,800203194,404653515,451691915
554,28,126,20070253,20197009,580878133,822089707,417602911,454110250
555,13,85,20167636,20189366,298891282,807990373,399921154,419682986
556,26,40,20086134,20161110,508057342,769439518,420920557,448153973
557,17,129,20106082,20174345,744941552,830292877,403502643,436832331
558,54,168,20064587,20145173,394425518,790749104,387645024,426524879
559,51,123,20119201,20188126,281237491,779430295,389775427,417014152
560,8,64,20135359,20169442,609298974,767139230,423947331,480034581
561,20,172,20139562,20182486,736482624,741397745,388554688,427116162
562,55,97,20126037,20206844,603876058,788603258,406140709,443176557
563,4,58,20132875,20160252,389521610,723469190,409227883,418178127
564,15,79,20070986,20141046,249344289,805513011,438869467,489751198
565,18,50,20064011,20166967,345578790,810324737,425234139,458307420
566,43,169,20112902,20166912,704674629,756718797,393339967,472382737
567,57,81,20099494,20155294,583076679,784443383,392566528,450956618
568,10,130,20153507,20199587,568758800,728374556,394219473,483053687
569,29,113,20124436,20150434,686851443,805198323,394438051,457013419
570,48,78,20066246,20160405,649292630,742038840,405702178,419656399
571,11,91,20184715,20208457,582433601,733844477,417400760,490597364
572,3,111,20200870,20203430,571174789,716160432,461668208,476493056
573,7,159,20089736,20114008,756734538,823077480,426856573,473574504
574,12,84,20155079,20174686,309723400,756025811,400308956,474124976
575,16,64,20123828,20180560,518847301,724206845,411660087,494376815
576,21,165,20185286,20204651,549391116,791975965,393292076,488186492
577,11,59,20082174,20127296,712562148,822562758,433605063,479192745
578,2,101,20129561,20186639,808845677,817924460,385200310,441965320
579,18,74,20187384,20201616,243290530,746060872,403167488,479617760
580,6,134,20168377,20191873,222056667,742875790,450379794,496312788
581,51,135,20074582,20149668,388913437,745610733,392563822,445647072
582,31,164,20089320,20144121,587816837,822436646,413755689,447745545
583,12,36,20107819,20159459,664878279,724345652,395800078,467851246
584,35,77,20071100,20120100,275518851,806821741,408840732,494235833
585,56,164,20099658,20149806,234064210,774712966,405554915,480095235
586,57,153,20094218,20158502,635381118,764993679,409066725,435965805
587,6,102,20092477,20157718,655893850,754284010,442012723,487386803
588,7,63,20145316,20171628,398308022,812961210,425847152,484153680
589,5,21,20154021,20171145,537025973,760345283,438508519,486685959
590,9,9,20068672,20097156,659780900,808534436,412471954,434036544
591,48,90,20094348,20164404,650132077,770156514,404685535,470516881
592,27,48,20085988,20117268,282898396,724407724,416809099,494634258
593,10,130,20115922,20196825,523316865,725771182,420464757,443944425
594,47,131,20088557,20143700,605462775,788920599,387623021,448732036
595,36,169,20117664,20145696,573453708,769452213,397906836,493689142
596,26,110,20084080,20153941,465671439,742506654,420614609,440143539
597,31,122,20107875,20123358,189971348,802544363,398265817,488683867
598,3,147,20200528,20207405,745604864,758981891,441923061,456124876
599,25,67,20138380,20171104,508588237,802165375,394921380,446825850
600,42,70,20119756,20160859,259841769,777290721,399741524,493780884
601,22,70,20105172,20126356,618242689,758995223,413424241,451811977
602,41,118,20117216,20192320,718412787,794054756,409918496,441002633
603,14,142,20119107,20142107,609034774,755772456,417034930,441543550
604,39,102,20073341,20197325,560505842,738787335,389994264,444362294
605,14,134,20125219,20168159,519326417,803239193,418982808,446894440
606,3,12,20105251,20179339,633294447,713890687,471932362,473272260
607,34,160,20100365,20133587,695361125,744159497,384548483,453057587
608,2,29,20200845,20205462,402506012,683487388,465842401,472419985
609,7,39,20185795,20207300,351379534,810614778,428684295,435688897
610,7,55,20152879,20190722,632020322,804370351,432120579,495399832
611,5,93,20157070,20170580,662087272,791610607,437486566,477295010
612,33,40,20080523,20132755,713883369,810604713,405633948,433562862
613,8,80,20130398,20134433,497862424,733708258,390996992,428703654
614,5,109,20185130,20194223,687702119,753889442,435240418,473334358
615,17,97,20121662,20135078,672724265,786166811,403536223,470172093
616,30,72,20167808,20204613,476353736,798941924,400042094,424714149
617,21,77,20174500,20196460,215234021,803807509,390226360,449903538
618,12,124,20144979,20178039,590134429,736924801,407264182,475863787
619,57,135,20070573,20175963,714538599,768649506,403173949,489174691
620,2,92,20198678,20202404,277816391,695542886,472186831,488112931
621,46,142,20078310,20171270,529938176,758573336,396892948,417260424
622,30,86,20117165,20192317,546844296,820388018,413904788,452076281
623,34,76,20104002,20162907,665718060,750251560,410568701,419384863
624,31,87,20146294,20207854,568544190,754912792,388726082,421727354
625,14,86,20175200,20194945,700959752,754489872,400001903,414811166
626,3,30,20135111,20161704,563915198,672263142,444289408,471509868
627,41,69,20121070,20175094,722114872,761549435,387500285,437553803
628,14,62,20075887,20170541,694016177,764400617,441889885,447573929
629,33,75,20061398,20098823,401961509,769861518,407022484,466632580
630,34,111,20135367,20195959,141139251,765420471,397832653,448281483
631,25,46,20099964,20138863,675085889,810830175,396895460,412170689
632,8,112,20073030,20135166,797533691,819884507,414787780,465153304
633,16,160,20102154,20140283,679959327,741889615,415519495,448803823
634,2,38,20166385,20193217,509844109,688561626,469255248,481045280
635,8,120,20104820,20157960,619919150,716608805,420006685,439687595
636,8,112,20186747,20192837,146220174,800356810,411755396,485684078
637,48,84,20071913,20197175,431507885,774293471,403761672,493981880
638,24,72,20182720,20206843,477194485,816905517,384813380,418988462
639,27,55,20148824,20195534,130394183,799565500,407890085,448768193
640,56,152,20084611,20154175,278540041,751348308,393090586,445910456
641,25,88,20153706,20196756,306409657,808366287,395784558,426668286
642,17,129,20071828,20183252,152424744,800667029,430655078,474903984
643,16,56,20140363,20179270,723757553,790374053,407880440,435135404
644,54,78,20096744,20193950,661759996,756923779,402579780,436232469
645,5,149,20126043,20134549,742128970,816253834,421105832,463799296
646,19,59,20095783,20118847,601958916,788219828,395266436,446998376
647,22,110,20172379,20207227,167186064,768025146,409259570,489783254
648,12,60,20123114,20136311,238619889,775168533,417333792,474311356
649,9,113,20134523,20149839,466528483,761133731,414153432,452213028
650,21,29,20080406,20198036,723384064,829214995,404674068,409376881
651,5,53,20094227,20176043,541472633,688128843,397209127,483502147
652,16,56,20127605,20186055,426901929,793996737,420785712,487038622
653,26,89,20146256,20191644,678228332,748678856,405008502,447183321
654,49,67,20116847,20173403,653268059,780329959,394105619,441186734
655,55,157,20080894,20198074,386593876,789965938,402962721,422116241
656,37,149,20125425,20198253,690079847,769667707,399373668,488794662
657,11,91,20065252,20101712,534829845,774794005,391565982,396924199
658,37,135,20128021,20161253,686934745,783037440,395603141,478104885
659,56,116,20110184,20190920,715208492,757060288,399097365,458877141
660,19,131,20143911,20177501,650752284,751970302,409220038,476352748
661,41,104,20084115,20134907,259320264,748465327,398668970,468711922
662,6,134,20192075,20201585,711996001,761111625,432086508,455411845
663,27,125,20142919,20200872,693110343,763947693,390933537,423272571
664,31,136,20100133,20155613,738310509,747957963,407995656,439752787
665,40,166,20127485,20173476,556395193,779107081,400559466,420193638
666,39,60,20068653,20132751,440082160,755844480,403378529,412913709
667,40,173,20113305,20132865,415233156,750874676,389695443,460568115
668,7,95,20084082,20128539,371267132,718905572,427908417,456237177
669,11,131,20095302,20205312,112086207,726380221,394301568,415187320
670,39,137,20126529,20194193,503878756,768603796,408249393,426345577
671,32,95,20141034,20186573,705207643,769996343,406516872,480287624
672,23,23,20071887,20204146,670055747,826548582,405980774,494092837
673,32,53,20105220,20200512,669691193,752238123,401715917,416268077
674,17,89,20152082,20181592,138268589,799959226,398213700,488678658
675,10,130,20106896,20117316,390055657,745839177,407536162,466812366
676,10,162,20145066,20204502,578021950,757756120,394400651,404833619
677,2,155,20123468,20202344,193797714,738636953,474427351,475642500
678,20,132,20185173,20203317,658954887,799619015,394985645,441670751
679,11,27,20090572,20162884,582411219,796928983,432154224,475428689
680,7,95,20168072,20176676,321723623,757825830,420793739,483143003
681,2,83,20101381,20112353,724668400,785232563,448207546,483573492
682,15,135,20149187,20173955,415848886,750997814,393084668,430060649
683,37,156,20120699,20143299,124731255,763779675,403444193,465380171
684,38,136,20081914,20120668,376933252,811892462,394801334,441569375
685,14,150,20103367,20173398,584857019,822288657,427337561,480882131
686,50,158,20100558,20166882,314409396,808766273,389679849,476920233
687,31,66,20062129,20099374,216453174,803868460,390785734,433963566
688,41,104,20096772,20148216,696030904,751532560,384793392,487336620
689,7,111,20159694,20177684,572436601,716728254,418818300,454778709
690,15,87,20120136,20206548,565086672,780845376,421637245,448619823
691,27,27,20070130,20154718,264338765,777740417,389777136,455149044
692,55,67,20079668,20197964,732009196,798813505,385932962,425412038
693,5,101,20132651,20199325,401592672,661508100,391119420,482588685
694,46,76,20063345,20166777,568728778,754968174,408706965,453718645
695,48,90,20086411,20173687,444879758,776299263,397732577,473480882
696,36,120,20119911,20156383,289320916,752965435,405131995,475330735
697,14,54,20189463,20202447,712450601,761384385,393167028,409001523
698,56,86,20107074,20148682,539708404,775769716,407899002,476022492
699,25,158,20067314,20153582,541547434,746813768,424176289,468908713
700,5,117,20112480,20161790,758026501,807919565,432121329,472086729
701,25,137,20091792,20121617,351479399,810619776,411659638,424720240
702,26,33,20083136,20102330,700989886,808026014,415468349,477914834
703,41,90,20121638,20175314,646510180,750061364,395993309,442224968
704,39,130,20073425,20135381,729308456,782046756,406595802,475696692
705,17,41,20084079,20179344,278323984,751315885,430866976,461405479
706,19,91,20072276,20197214,692995491,756800793,427912474,463321394
707,19,131,20169591,20206941,670985311,736505207,391724950,461278447
708,4,94,20164214,20192342,96327194,687093482,399314484,444051612
709,8,96,20136865,20155425,548458536,820468730,420841792,459786052
710,46,106,20115719,20192023,584935560,809800110,399723798,469028362
711,58,136,20081966,20198192,722591898,761859504,408477810,494217704
712,10,82,20066071,20116828,735233210,745188394,414220606,490279354
713,13,69,20194921,20201393,573154900,808622044,413612610,464683242
714,11,11,20115780,20168206,377772487,789083791,390906499,466383173
715,51,99,20088348,20155866,645815719,740300389,408311428,448999933
716,6,102,20157263,20186875,561177317,752702735,440186548,487021572
717,9,113,20104392,20163077,445390059,717966559,416872008,441429504
718,47,125,20118424,20183300,689592506,827525419,391882086,482703090
719,38,87,20115016,20148644,638374492,756220828,398219894,428373020
720,6,70,20194669,20209465,755027659,818833579,425875641,495087587
721,8,152,20136447,20162578,581387727,746095985,423765163,461247743
722,52,136,20095362,20187954,389924494,790298998,402707145,474724530
723,26,33,20117989,20201797,728088735,813445791,408536156,494220608
724,55,91,20096184,20193866,605830895,788994223,402050034,469726230
725,14,142,20082785,20159777,582833288,822187460,440379189,443296746
726,39,53,20092786,20193358,615925682,801956155,391737788,471982193
727,3,129,20139628,20186090,813928471,833742222,386373338,425698281
728,14,30,20094606,20199456,460876412,722612460,409526061,480889469
729,46,118,20092106,20181356,637984143,824944998,411060565,428594517
730,29,141,20064926,20159943,227666188,804429105,416023930,482189050
731,53,113,20126112,20202594,703971597,756296981,389004214,482271399
732,8,16,20089250,20113622,710395300,772590180,430510514,488497344
733,36,141,20130484,20158701,731758491,772969115,398484313,453619613
734,32,74,20131526,20199169,683713690,744142234,406859724,461982084
735,16,56,20172998,20195858,638461997,815152751,400789319,444862769
736,38,80,20138880,20203878,137552331,799923415,399393144,449061734
737,43,64,20110086,20165647,176949073,801893254,388274389,449025156
738,13,93,20141939,20207641,622319873,824161794,426004038,451458236
739,9,137,20069080,20111686,503280054,818209804,441897237,458947161
740,26,75,20076991,20130631,637121113,726069886,390906737,482556780
741,29,148,20133968,20164824,674574432,802742928,399847290,414679746
742,48,138,20116421,20206367,705696668,808967372,395379646,483227724
743,16,104,20171548,20195284,611797086,801336852,387018852,414946717
744,48,108,20093972,20205236,630201517,763180818,399145253,478813301
745,11,35,20118874,20192650,293681473,753619516,426787806,473550444
746,6,134,20126133,20147373,227926272,713413296,392631524,472205624
747,15,103,20070471,20189998,723500976,729065180,416748678,494631236
748,34,146,20077173,20090565,700919944,754465984,391366357,461152931
749,23,95,20131272,20187146,366063252,764476782,411839153,485696639
750,3,138,20133914,20160927,662292327,800286503,472366729,490821249
751,46,136,20101790,20161916,709896521,816051780,408098433,439819591
752,33,47,20112258,20191330,224677631,773774309,387229146,476430090
753,6,150,20147438,20176085,646026479,797033343,432700370,449207860
754,12,52,20100956,20178054,315147177,782821269,391014594,401786166
755,13,21,20097722,20114729,584475803,809754119,390862615,450189850
756,12,28,20156769,20189373,693449110,820651456,410685071,423891860
757,51,123,20092332,20199216,589404943,810247033,386398219,476263899
758,32,137,20092458,20133982,576327690,783093578,408826566,417816942
759,24,56,20101287,20178161,724862168,735854456,385090048,453274216
760,31,136,20139873,20200410,531575742,819624596,391001154,417933444
761,12,84,20080021,20139007,383175161,812204566,435681256,457748427
762,4,94,20207838,20210772,313386208,808715106,453320776,473755069
763,30,142,20101586,20200154,717865050,735403050,388122383,443426353
764,46,142,20110375,20160735,574360358,795721353,404927545,461209213
765,46,94,20119278,20183552,579712377,758263253,390374163,433716627
766,47,95,20117118,20187603,494996041,800806159,393825073,420051383
767,35,77,20078410,20091680,458679653,778369243,385290592,453354424
768,48,120,20105629,20205835,636181678,814924720,406926494,484959741
769,5,45,20189242,20196893,641320505,796092137,447953534,475880763
770,20,100,20091006,20139046,490452412,783135156,414546546,494521137
771,36,99,20114588,20133892,226148901,743489637,408540717,449126037
772,12,108,20060843,20158512,793259594,820251143,408183215,444402055
773,29,148,20136786,20192526,711206859,760638139,397086338,432661731
774,7,151,20178858,20180470,667419170,818048462,407717057,439571698
775,36,134,20086072,20198590,436465855,775037175,412624321,481509121
776,9,137,20119153,20155929,701715312,828131565,423362464,434667643
777,29,85,20177946,20206132,588615196,822476563,398093134,423252429
778,11,83,20153656,20199608,665854730,826338534,421655126,456338966
779,2,155,20095575,20187991,724391667,746470343,450970326,458134326
780,28,119,20135371,20173231,519034900,818997552,408077052,457936345
781,11,75,20093155,20122640,98560583,797973820,422310494,494909323
782,15,23,20063779,20203733,595291036,786886252,439115318,465942068
783,10,42,20172602,20182227,194653449,802778469,386128314,419908914
784,6,62,20184589,20191219,657511029,781602843,426436593,440895337
785,8,144,20106720,20138034,275243984,722876832,400922378,484059127
786,50,110,20077729,20191102,358382405,787144781,399515674,468965922
787,20,68,20122823,20136065,642596427,786737892,408588838,489716170
788,19,99,20107421,20185181,592391065,725707754,396230123,442355213
789,9,9,20197002,20204757,283211624,779627702,386643311,459499874
790,47,155,20090648,20162924,637754505,805230464,394727245,431128323
791,10,146,20181333,20193237,474649345,744751120,389863785,476957017
792,33,159,20134545,20199621,705466990,776591923,389475378,493267571
793,7,119,20131235,20175158,620260017,738248789,391226884,412727572
794,10,58,20126676,20194212,259839640,719795976,403558902,441627470
795,10,26,20116641,20154425,739634554,796724854,411504088,468201144
796,57,81,20105627,20153093,648580984,769613623,390814167,444772247
797,7,143,20163152,20201504,479907241,763809497,436028016,451703591
798,58,142,20094112,20146753,380273165,789333857,404377669,432683467
799,11,75,20061429,20113817,700069158,767427108,435117431,470104526
800,2,164,20188319,20195153,237081424,715244320,466490200,477774242
801,57,141,20089484,20168537,519755741,803282129,400571985,479098657
802,32,81,20108147,20185367,618299350,813136480,413125881,460208323
803,16,96,20090104,20096154,590605165,810367057,424976333,476604119
804,5,85,20170918,20195026,717535547,764435347,439636099,466228498
805,44,100,20116952,20192264,534735062,804780062,396938871,488551185
806,58,130,20105862,20190054,517328619,787166593,390076509,433538037
807,36,64,20086773,20099205,633052741,824698445,384548815,464475865
808,25,109,20103593,20200343,627811072,772692858,388030502,410170466
809,51,69,20075742,20170494,729028090,797770114,392436644,424324748
810,12,76,20076059,20157083,625281915,740508642,433352262,488923613
811,17,129,20199065,20207493,451974781,739082491,391079011,493347765
812,35,77,20145207,20201222,635245624,814831102,391468911,466551905
813,4,31,20086188,20142402,599308386,717046716,462926748,480828538
814,7,79,20141619,20162463,698023949,725376169,398027067,493695164
815,13,93,20118590,20187980,748475702,765737574,392661892,488123470
816,24,96,20095346,20112710,406191376,791925688,394533870,467471392
817,5,109,20127276,20152422,403106637,748449373,442846297,448434699
818,15,31,20137787,20207441,254862289,776792773,414272661,439609959
819,15,143,20065657,20189281,748467406,821837400,414869961,490344285
820,9,129,20179706,20206396,432699222,814680770,428710194,491728302
821,41,104,20099030,20171882,735585730,760385560,404182721,413637481
822,48,162,20072528,20162605,632707499,753954035,405123829,442566429
823,50,158,20069336,20182744,474428637,744695952,386452704,420135990
824,21,45,20067317,20146396,664326882,741033063,424431975,472725896
825,47,89,20111202,20186127,704448618,776133660,395259749,431474452
826,53,83,20079289,20164972,726382449,758903229,396019650,442239456
827,25,95,20146108,20185108,378102275,811950916,403550552,470176384
828,56,80,20089632,20186800,574569565,769731175,408283820,417328470
829,10,66,20093477,20193454,738612024,762655279,413668857,430681149
830,24,88,20164493,20197113,396587473,790965295,403589444,446402840
831,13,53,20073473,20107878,580855010,809392046,437563366,455913454
832,5,77,20146692,20198212,654345520,699455405,450268695,455114857
833,12,76,20154190,20191188,618816828,823986637,418554670,474677632
834,34,153,20102753,20146089,678382578,803504562,410827428,494335183
835,17,161,20164804,20201844,736350045,780645795,401745920,445388900
836,3,120,20076766,20103634,804116942,811783972,391935421,472031596
837,32,81,20137799,20174449,532281036,804534654,399800037,483890775
838,14,166,20130734,20166896,331221190,734072278,409721304,427523108
839,15,79,20061174,20128638,656441461,736696081,410059680,414493212
840,54,168,20111323,20191147,551277228,806434266,387534870,432013054
841,39,172,20061065,20143587,705433046,750706246,407117635,411698269
842,14,126,20087228,20198720,751019343,813843618,416207176,482225688
843,29,92,20117794,20183104,661044584,808723975,411314153,468134657
844,51,129,20091000,20199090,643995232,796627088,392018695,445374505
845,52,70,20084879,20166922,682952136,804418472,401518213,440403053
846,56,128,20099887,20149936,580365543,745738218,392642923,429773513
847,52,160,20119583,20165343,382637116,744355468,402443864,474658709
848,11,163,20096378,20199626,626090538,813915606,431898455,495388722
849,59,167,20083098,20147098,230358136,804563710,385155989,413549574
850,25,39,20158478,20205836,703133521,801872176,396789014,488536184
851,12,36,20086954,20149024,713519651,749899271,425977377,458716200
852,10,162,20079974,20119310,616768252,736677492,435742724,467236524
853,9,161,20144983,20201185,683159021,827203759,433624283,462922001
854,6,6,20173293,20192193,642714933,757957005,444143418,457790143
855,10,122,20073248,20100820,747508848,764964088,406704209,475723799
856,8,24,20082110,20191760,584142748,809720818,433866648,437109832
857,8,120,20133910,20164790,382720115,721768820,423458835,442276705
858,4,67,20168141,20185325,97058567,797898723,453027613,478164098
859,19,139,20117271,20131344,438338578,735673438,406528376,475679831
860,11,59,20157354,20205720,595781360,798934505,424305731,468960491
861,5,45,20186544,20207420,548602486,820475918,444763281,447461633
862,15,143,20143924,20164078,675631920,826827403,394445483,472659113
863,8,152,20177978,20194538,706615976,751475154,421585123,448585943
864,41,167,20122514,20184520,658513778,773090110,404661795,442289203
865,26,103,20120342,20124880,256799643,748087233,394633902,457091754
866,24,168,20071817,20106637,708811219,752902063,423748565,472486709
867,34,55,20107599,20123124,684719923,812275275,395711641,457522849
868,14,118,20147538,20166606,530170187,804323561,393487176,472419531
869,47,143,20107489,20190385,706295074,796238060,407235806,443833614
870,58,160,20096283,20205362,684086170,819715162,388713404,471226094
871,29,113,20139623,20157493,518308229,803137367,397214374,427669156
872,8,128,20091390,20115334,129787929,799535193,427081261,480818056
873,4,4,20209685,20210253,590999198,737270714,427522611,431082997
874,40,103,20086278,20129965,600999023,752959936,403377767,436751163
875,3,93,20074223,20176883,599856005,705574073,423750931,434997841
876,22,174,20186251,20204881,554749330,792779692,392509341,488108223
877,47,101,20096925,20148306,405514933,813321547,391423311,412884715
878,37,107,20086756,20092973,407514220,813421518,400383084,493812962
879,27,146,20173465,20207341,201776814,771484230,393928354,467289726
880,3,138,20160600,20165650,672612024,680720675,393660205,461955783
881,9,25,20111253,20181141,152759977,732481295,420083951,435813227
882,4,94,20186326,20199955,648926473,667512331,398453041,483688729
883,26,40,20124137,20171965,720448338,789050370,400425358,425001598
884,25,53,20097834,20137475,618652560,759138685,412268645,455499485
885,8,72,20144135,20150831,113948872,798743243,393747312,409494762
886,7,31,20148050,20154356,301748039,781481357,411663497,459550248
887,48,120,20103061,20162483,525449723,741984447,402016940,455209299
888,29,78,20175751,20204023,484787313,747285618,401401382,440332958
889,7,95,20193942,20205954,510946738,770017394,414694310,423097912
890,33,110,20062402,20129317,728700898,744613522,391386638,412855374
891,32,109,20090181,20138549,184326902,802262154,411984824,455357574
892,20,100,20150926,20193052,597566284,799202230,407306590,480445582
893,49,127,20068298,20182538,623764087,813682951,402713447,436319355
894,36,50,20097050,20182595,696159892,744678698,406804401,434382177
895,35,154,20127036,20177472,626750633,751571285,403855141,427573936
896,6,150,20189497,20194897,537135260,685960160,400317838,454444702
897,31,157,20167747,20206771,673567383,802541511,400179994,429745090
898,10,138,20189009,20195639,189285850,802510090,399659575,469009093
899,51,69,20107482,20159292,649108383,797649711,400135381,483941080
900,4,157,20115546,20163326,593573541,702118725,464075767,474472135
901,36,64,20126468,20189948,230168451,804554221,397361510,432840597
902,29,57,20070681,20098765,733414786,799305455,407403227,453066777
903,36,141,20131869,20199223,331570884,809624336,399576375,488814921
904,56,80,20098109,20199809,208913101,803491463,399206857,453944760
905,45,99,20109989,20150437,660133972,808587390,396868232,432519960
906,14,94,20122767,20175771,620273982,824059508,416733294,429032847
907,2,56,20108860,20165092,809043539,821914299,399001547,433906620
908,30,37,20116691,20182771,705965134,783257086,387175261,420641779
909,19,123,20128650,20132773,704033043,775946643,398242718,428388998
910,8,64,20069582,20133266,776897076,794263470,425051018,447154808
911,31,143,20082261,20108029,655820511,754251008,389444765,416766155
912,25,32,20126932,20160596,526205402,819356079,386387406,448176012
913,34,146,20111117,20161107,435560481,814823832,413219218,494454763
914,4,166,20195621,20201039,407270390,770657851,453949849,496491305
915,6,134,20155716,20164023,773505121,810273085,401291538,459754806
916,3,174,20170274,20196807,652337579,780050815,456772294,467261799
917,12,28,20099502,20144142,598180376,787464120,423740272,461235292
918,27,139,20149792,20201897,266510350,777957580,407342499,466744582
919,27,104,20077181,20103965,666721451,742350071,410516275,414926977
920,27,41,20078847,20131751,719838246,765816966,405852509,410496400
921,56,128,20071962,20183274,612304474,823661025,401072528,454784318
922,17,129,20195335,20204791,518568168,771541672,397270358,478438326
923,49,79,20076789,20197677,595391196,750997205,396464027,468050437
924,25,74,20129219,20202911,306732472,729174536,386528257,437019184
925,13,29,20125356,20138217,609388461,789705741,415137393,436035623
926,18,138,20077854,20137812,495055877,800812139,434745938,460339690
927,17,81,20095846,20193817,540217083,805328247,421616334,433183431
928,56,140,20068881,20203990,729138732,781961892,396873777,478359009
929,12,108,20143309,20204329,141214727,800106531,417748690,429895936
930,58,82,20108011,20200783,630475248,804138578,408037999,480591855
931,12,100,20123270,20136446,695875878,737548632,397184208,483498410
932,16,152,20067962,20125218,609187719,767105857,428216466,445844931
933,11,115,20180940,20197528,532424198,789430929,389499277,444114797
934,42,154,20111866,20181334,283494765,779656017,398337731,438494771
935,11,163,20174868,20183928,517650636,818928335,384514872,464465680
936,30,100,20109109,20195809,721932927,800929411,402209163,411861279
937,25,88,20093476,20117000,138638494,799977726,385638845,476112029
938,16,120,20126607,20168857,126050169,728474817,394531547,425791181
939,50,86,20108744,20170160,725025515,823809101,396012974,467915112
940,4,4,20071971,20190223,680338120,757561590,461951969,469307641
941,6,38,20196704,20208224,589582747,810264817,430508731,440741971
942,7,151,20096130,20136373,218741785,773180719,434175455,476136114
943,51,129,20126474,20173015,549220802,763393997,404201180,460918664
944,29,64,20095068,20112474,505320551,818311826,398692781,453713428
945,9,73,20072606,20107231,698028044,780082244,436802048,473959016
946,4,157,20123322,20189157,395317154,680971289,421847976,448756795
947,8,8,20095961,20107475,562048390,821148217,399464044,439170556
948,52,130,20073717,20190490,678607460,787931780,399244409,493756033
949,42,63,20118517,20141662,258193145,748296260,401428061,454944304
950,30,135,20124281,20159009,367024667,741232971,388656915,416175265
951,5,149,20174494,20187304,222964215,773602971,442078250,447743458
952,11,115,20206299,20210619,714895357,756856752,390736752,477131600
953,40,152,20076900,20117160,665132955,749959005,399358746,444075957
954,51,165,20094696,20187816,212215241,803656570,386341252,470633047
955,14,22,20179257,20209505,733075934,804272318,402558533,421792889
956,21,53,20135129,20146526,681899931,773631003,397032116,452966126
957,6,46,20208526,20210977,659383981,729544413,427648734,470297682
958,11,11,20172696,20203416,415233346,813807461,391092775,455675299
959,1,73,20150405,20174685,628608207,690461259,474011881,490078867
960,11,139,20169576,20177880,489171128,817504352,393827221,451523926
961,50,146,20082582,20140416,527524585,788695976,402470090,484291294
962,32,165,20106544,20127456,673392360,737949440,393617375,472452080
963,1,172,20066471,20124319,453394438,701298341,475805913,489560553
964,10,82,20200287,20202451,693954673,743245306,412894504,494438533
965,49,103,20060698,20150938,617446561,780450436,387661829,437642654
966,15,167,20188102,20205352,737615192,791058615,386608957,476306045
967,2,11,20172503,20187943,345134724,785820012,455792511,464380075
968,14,126,20126936,20139560,140113568,800051474,412053783,490062669
969,5,37,20070377,20161845,318447114,705700569,412360106,438271172
970,16,64,20184475,20204440,588273887,760831699,412284478,442540522
971,1,136,20177573,20202713,668482088,809839604,474142845,482748463
972,51,93,20063054,20196290,622839223,750006715,410928465,454829395
973,28,56,20160281,20200937,610557414,745093998,405271925,442655285
974,11,11,20073985,20204249,107307991,798411198,401210728,410962688
975,27,55,20064182,20167026,625945336,782575126,421680982,467910586
976,15,135,20079995,20184875,574682366,717738840,395010021,436498141
977,38,157,20070278,20112524,505346795,801841229,402275768,474616688
978,40,96,20104972,20142114,669502053,826520903,403777519,427515719
979,52,82,20102052,20172928,675595165,794987575,404537728,437505138
980,52,76,20100149,20200013,578649790,757944472,409949533,449900884
981,56,146,20081538,20146318,259281340,806009874,406451998,415679830
982,1,46,20160613,20173233,614976387,669928552,416431435,486385483
983,12,100,20093079,20199297,641337196,757405912,433164040,462668866
984,50,98,20099877,20155487,580286086,822060098,404955170,461220266
985,38,73,20063905,20166945,113345024,762641042,413722738,464727286
986,56,122,20073765,20163036,641068762,796041802,401795567,435722733
987,4,175,20130616,20138664,384159939,812253803,442350557,470540437
988,47,83,20063197,20196307,712591856,792017436,398588501,443652320
989,28,147,20088851,20143859,656237332,736583806,414017240,460609434
990,20,92,20136185,20196121,338205938,735469234,390136813,444433563
991,3,120,20109539,20124773,659452978,826018454,471415533,475512750
992,20,60,20143545,20194215,151155158,800603563,402251769,411899625
993,2,38,20067800,20153780,406766911,663577795,443453807,468328241
994,14,70,20142126,20207657,689055589,725487954,390072726,449834406
995,1,73,20088823,20149963,209061717,678354222,400602850,444760216
996,24,88,20112634,20166787,667182665,818024807,413996821,439416871
997,4,58,20135489,20169518,602013631,706760770,457451238,490474502
998,57,99,20069085,20189802,409858534,771046076,408338953,489691177
999,45,63,20094309,20187749,566548745,807961415,388326773,493210136
1000,8,128,20068427,20146901,646454871,731203452,440327251,495810177